plant_name_id,ipni_id,taxon,genus,species,family,prediction,predicted_threat,prediction_binomial,accuracy_binomial,category,observed_threat,threat_binomial,confidence,mean_alt,total_flor_regions,mean_eoo,mean_aoo,pa_binomial,protected,II,IV,VI,trop_subtrop_moist_broad,trop_subtrop_grass_sav_shrub,desert_xeric,flooded_grass,montane_grass,hfp_delta_class1,hfp_delta_class2,hfp_delta_class3,hfp_delta_class4,hfp_delta_class5,hfp_2009_class1,hfp_2009_class2,hfp_2009_class3,hfp_2009_class4,hfp_2009_class5,hfp_2009_class6,hfp_2009_class7,hfp_2009_class8,hfp_2009_class9,hfp_2009_class10,hfp_quant_1to3,hfp_quant_1to4,sqrt_eoo,sqrt_aoo,sqrt_desert,new_pred,threatened,.lower,.upper
870-wcs,931885-1,Acalypha marissima,Acalypha,marissima,Euphorbiaceae,correct,T,0,1,EN,T,1,confident,1975,1,87,12,0,absent,absent,absent,absent,0.396465967,0.413677698,0,0,0.189856334,0.021023165,0.090017703,0.308359135,0.441945704,0.138654292,0,0,0.026792336,0.067941471,0.11323542,0.237135682,0.220627283,0.255557647,0.075126516,0.003583645,0.026792336,0.094733807,9.327379053,3.464101615,0,threatened,0.697316344,0.639655533,0.764054469
895433-az,77098516-1,Acanthopale aethiogermanica,Acanthopale,aethiogermanica,Acanthaceae,correct,T,0,1,VU,T,1,confident,2100,5,53938,52,1,present,present,absent,present,0.196230947,0.569181202,0.007169452,0.002039879,0.22537852,0.02832614,0.083353614,0.619837285,0.219043953,0.049439008,0.002288248,0.011491784,0.097016125,0.180945292,0.192556792,0.20131486,0.150545561,0.113517829,0.041070295,0.009253215,0.110796156,0.291741448,232.2455597,7.211102551,0.084672618,threatened,0.721942271,0.638163796,0.791708072
615295-az,44914-1,Acanthus sennii,Acanthus,sennii,Acanthaceae,over,T,2,0,LC,NT,0,confident,2450,10,282400,324,1,present,present,absent,present,0.201332873,0.536599158,0.005745747,0,0.256322221,0.024076921,0.062096082,0.531615853,0.266706466,0.115504679,0.000126494,0.000705613,0.048508906,0.155797473,0.169408126,0.191871487,0.161719705,0.173632096,0.080040902,0.018189197,0.049341013,0.205138486,531.4132102,18,0.075800709,over,0.630689502,0.553463876,0.708175249
621469-az,674084-1,Adenia gedoensis,Adenia,gedoensis,Passifloraceae,correct,T,0,1,CR,T,1,confident,1900,1,4,4,1,present,absent,absent,absent,0.29462982,0.097515346,0,0,0.607854834,0.027424948,0.090088648,0.207448975,0.327100758,0.347936671,0,0,8.26E-06,0.000371258,0.007121961,0.060471889,0.115582568,0.368127392,0.342553156,0.105763521,8.26E-06,0.000379513,2,2,0,threatened,0.651048192,0.559079208,0.742322625
621572-az,960918-1,Adenia pulchra,Adenia,pulchra,Passifloraceae,correct,T,0,1,CR,T,1,confident,1580,1,12,12,0,absent,absent,absent,absent,0.106125158,0.724259096,0,0,0.169615747,0.006419927,0.019884681,0.711662548,0.236233117,0.025799727,0,0,0.137293545,0.237275573,0.251895299,0.18876179,0.128359068,0.047075816,0.009141814,0.000197096,0.137293545,0.374569119,3.464101615,3.464101615,0,threatened,0.645948872,0.577720785,0.72747203
3664-wcs,444377-1,Aeollanthus abyssinicus,Aeollanthus,abyssinicus,Lamiaceae,correct,NT,0,1,LC,NT,0,low_confidence,2350,5,158891,56,0,absent,absent,absent,absent,0.344614796,0.282747784,0.007104908,0,0.365532512,0.030123261,0.101698406,0.303584114,0.354101311,0.210492908,0.000145105,0.000213734,0.042100199,0.076436926,0.087394235,0.159821837,0.157710753,0.275693701,0.164387233,0.036096277,0.042459038,0.118895965,398.6113395,7.483314774,0.084290617,not_threatened,0.367814696,0.271386313,0.436228732
624380-az,472935-1,Aeschynomene ruspoliana,Aeschynomene,ruspoliana,Fabaceae,correct,T,0,1,CR,T,1,low_confidence,2000,1,4,4,0,absent,absent,absent,absent,0.174789642,0.675266597,0.022200944,0,0.127742817,0.027529804,0.076756648,0.658514077,0.207759216,0.029440255,0.000517376,0.004389231,0.071158313,0.169432092,0.20929314,0.210743404,0.181507803,0.108523285,0.028394992,0.016040364,0.07606492,0.245497012,2,2,0.148999813,threatened,0.45550801,0.4008782,0.516233631
606135-az,77090159-1,Afroligusticum mattirolii,Afroligusticum,mattirolii,Apiaceae,over,T,2,0,NT,NT,0,confident,2470,5,65877,68,1,present,present,absent,absent,0.179266024,0.597178056,0,0,0.22355592,0.015397023,0.045543379,0.598697196,0.245503929,0.094858473,0,0,0.04414212,0.192429138,0.194973973,0.177426333,0.146421625,0.138450955,0.084916575,0.021239282,0.04414212,0.236571258,256.6651515,8.246211251,0,over,0.604838113,0.530067161,0.686960551
606136-az,77090160-1,Afroligusticum petitianum,Afroligusticum,petitianum,Apiaceae,correct,NT,0,1,NT,NT,0,low_confidence,2550,8,166147.5,82,1,present,absent,absent,absent,0.289177848,0.382871449,0.009512587,0,0.318438117,0.031460183,0.091035317,0.390046216,0.318482986,0.168975298,0.000197643,0.001102494,0.044607754,0.088158944,0.112889812,0.18720008,0.181141403,0.247404273,0.111915096,0.025382501,0.045907891,0.134066835,407.6119478,9.055385138,0.097532489,not_threatened,0.367959643,0.271820284,0.435073397
974518-az,77142296-1,Afroligusticum piovanii,Afroligusticum,piovanii,Apiaceae,correct,T,0,1,EN,T,1,confident,2450,2,3236,48,1,present,absent,absent,absent,0.282988292,0.092436822,0,0,0.624574886,0.048786403,0.113196178,0.252414997,0.329049648,0.256552774,0,0,5.66E-06,0.004799043,0.023938479,0.134332778,0.169488677,0.342487778,0.251115695,0.073831887,5.66E-06,0.004804706,56.88585061,6.92820323,0,threatened,0.606719199,0.530067161,0.686960551
606144-az,77090170-1,Afrosciadium abyssinicum,Afrosciadium,abyssinicum,Apiaceae,correct,T,0,1,VU,T,1,low_confidence,2550,3,59408,28,1,present,absent,absent,absent,0.253626787,0.398231004,0.010172981,0,0.337969229,0.022485719,0.072447602,0.416602018,0.290145137,0.198319523,0.000237121,0.002011656,0.048893733,0.104028373,0.120908547,0.141734219,0.144828253,0.230305747,0.160962997,0.046089354,0.05114251,0.155170883,243.7375638,5.291502622,0.100861195,threatened,0.435828698,0.36906538,0.52373149
624952-az,272279-1,Afrovivella semiensis,Afrovivella,semiensis,Crassulaceae,under,NT,1,0,EN,T,1,confident,3900,1,236,28,1,present,present,absent,absent,0.208939152,0.38674431,0,0,0.404316538,0.048637836,0.070832958,0.282465695,0.321789201,0.27627431,0,0,0.034972436,0.047454254,0.077413744,0.240801248,0.182840678,0.332216996,0.075856731,0.008443913,0.034972436,0.08242669,15.3622915,5.291502622,0,under,0.280228413,0.201786205,0.372756899
938901-az,720401-1,Alchemilla bachiti,Alchemilla,bachiti,Rosaceae,correct,T,0,1,EN,T,1,confident,3800,2,761,12,1,present,present,absent,absent,0.144862328,0.597093841,0,0,0.258043831,0.022318951,0.039071512,0.550029454,0.268453052,0.120127031,0,0,0.098742079,0.165756702,0.186155982,0.208368667,0.148886073,0.154508297,0.034277955,0.003304244,0.098742079,0.264498781,27.58622845,3.464101615,0,threatened,0.62023796,0.542678786,0.694912446
939519-az,720628-1,Alchemilla haumanii,Alchemilla,haumanii,Rosaceae,over,T,2,0,LC,NT,0,confident,3625,3,21764,120,1,present,present,absent,absent,0.158365453,0.591057299,0.011392505,0,0.239184743,0.015378772,0.057498382,0.598934225,0.26640169,0.061786931,0.000232572,0.000342564,0.106305875,0.168068821,0.195140335,0.195887708,0.154495886,0.125150306,0.048407672,0.005968262,0.10688101,0.274949831,147.5262688,10.95445115,0.106735676,over,0.656560959,0.575911466,0.738170808
297062-wcs,994718-1,Aloe ankoberensis,Aloe,ankoberensis,Asphodelaceae,correct,T,0,1,EN,T,1,confident,3250,1,205,12,1,present,absent,absent,absent,0.29462982,0.097515346,0,0,0.607854834,0.027424948,0.090088648,0.207448975,0.327100758,0.347936671,0,0,8.26E-06,0.000371258,0.007121961,0.060471889,0.115582568,0.368127392,0.342553156,0.105763521,8.26E-06,0.000379513,14.31782106,3.464101615,0,threatened,0.662916634,0.588126287,0.728034305
467929-wcs,77110963-1,Aloe benishangulana,Aloe,benishangulana,Asphodelaceae,correct,T,0,1,CR,T,1,confident,1495,1,8,8,0,absent,absent,absent,absent,0.396465967,0.413677698,0,0,0.189856334,0.021023165,0.090017703,0.308359135,0.441945704,0.138654292,0,0,0.026792336,0.067941471,0.11323542,0.237135682,0.220627283,0.255557647,0.075126516,0.003583645,0.026792336,0.094733807,2.828427125,2.828427125,0,threatened,0.694537284,0.628467291,0.763872337
297290-wcs,529374-1,Aloe debrana,Aloe,debrana,Asphodelaceae,over,T,2,0,LC,NT,0,confident,2350,4,32150,108,0,absent,absent,absent,absent,0.278161197,0.218413047,0,0,0.503425756,0.038356819,0.083028177,0.253083283,0.344621471,0.280910251,0,4.33E-09,0.027211141,0.043417558,0.057528496,0.160668764,0.15921941,0.32628908,0.182598934,0.043066614,0.027211145,0.070628703,179.3042108,10.39230485,0,over,0.570704949,0.493346982,0.652534856
372146-wcs,77086448-1,Aloe downsiana,Aloe,downsiana,Asphodelaceae,correct,T,0,1,CR,T,1,confident,2175,1,4,4,0,absent,absent,absent,absent,0.118248011,0.838664406,0,0,0.043087583,0.00330245,0.009777301,0.739146975,0.218924185,0.028849089,0,0,0.006552016,0.259265669,0.258162185,0.213796194,0.164093624,0.07593019,0.018611192,0.003588931,0.006552016,0.265817684,2,2,0,threatened,0.666193687,0.577306924,0.729323187
371888-wcs,77093472-1,Aloe elkerriana,Aloe,elkerriana,Asphodelaceae,over,T,2,0,LC,NT,0,confident,1000,1,4,4,0,absent,absent,absent,absent,0.106125158,0.724259096,0,0,0.169615747,0.006419927,0.019884681,0.711662548,0.236233117,0.025799727,0,0,0.137293545,0.237275573,0.251895299,0.18876179,0.128359068,0.047075816,0.009141814,0.000197096,0.137293545,0.374569119,2,2,0,over,0.666193687,0.577306924,0.729323187
297406-wcs,1016839-1,Aloe friisii,Aloe,friisii,Asphodelaceae,correct,T,0,1,EN,T,1,confident,1100,2,8,8,1,present,absent,present,absent,0.195405981,0.632693469,0.030305534,0,0.141595017,0.03053993,0.095351681,0.601336953,0.239773588,0.032997848,0.000667006,0.003720697,0.07212921,0.14111896,0.185652997,0.221868858,0.191238513,0.138940014,0.032089407,0.012574339,0.076516913,0.217635874,2.828427125,2.828427125,0.174084846,threatened,0.663116076,0.588126287,0.728034305
467915-wcs,77110964-1,Aloe ghibensis,Aloe,ghibensis,Asphodelaceae,correct,T,0,1,CR,T,1,confident,1542.5,1,12,12,0,absent,absent,absent,absent,0.29462982,0.097515346,0,0,0.607854834,0.027424948,0.090088648,0.207448975,0.327100758,0.347936671,0,0,8.26E-06,0.000371258,0.007121961,0.060471889,0.115582568,0.368127392,0.342553156,0.105763521,8.26E-06,0.000379513,3.464101615,3.464101615,0,threatened,0.694537284,0.628467291,0.763872337
297416-wcs,968316-1,Aloe gilbertii,Aloe,gilbertii,Asphodelaceae,over,T,2,0,LC,NT,0,confident,1550,3,20025,60,1,present,present,absent,present,0.228486672,0.454267977,0.020201833,0,0.297043518,0.029499218,0.093593307,0.469739372,0.268949509,0.138218595,0.000444667,0.002480446,0.048088536,0.094202365,0.126141771,0.168069072,0.166019491,0.215336938,0.135578855,0.043637859,0.05101365,0.145216015,141.509717,7.745966692,0.142133151,over,0.662916634,0.588126287,0.728034305
297457-wcs,529505-1,Aloe harlana,Aloe,harlana,Asphodelaceae,correct,T,0,1,EN,T,1,confident,1800,1,2300,36,1,present,absent,absent,absent,0.118248011,0.838664406,0,0,0.043087583,0.00330245,0.009777301,0.739146975,0.218924185,0.028849089,0,0,0.006552016,0.259265669,0.258162185,0.213796194,0.164093624,0.07593019,0.018611192,0.003588931,0.006552016,0.265817684,47.95831523,6,0,threatened,0.599931058,0.537332011,0.661892952
297529-wcs,994715-1,Aloe kefaensis,Aloe,kefaensis,Asphodelaceae,correct,T,0,1,EN,T,1,confident,1925,3,3001,41,1,present,absent,absent,absent,0.290699965,0.244929644,0,0,0.464370391,0.045346382,0.102947098,0.297095387,0.300755392,0.25385574,0,0,0.030570567,0.06275929,0.067497339,0.159038805,0.14727298,0.307430204,0.179342417,0.046088398,0.030570567,0.093329857,54.7813837,6.403124237,0,threatened,0.645175889,0.576342899,0.713248995
297697-wcs,529677-1,Aloe monticola,Aloe,monticola,Asphodelaceae,correct,T,0,1,EN,T,1,confident,2450,1,2300,16,0,absent,absent,absent,absent,0.367903253,0.250140454,0.007551513,0,0.37440478,0.020405301,0.091290846,0.445863905,0.377000656,0.065439292,0,0,0,0.006024317,0.082226087,0.224372893,0.362922774,0.291823914,0.029396067,0.003233948,0,0.006024317,47.95831523,4,0.08689944,threatened,0.580986926,0.503475034,0.656965808
372145-wcs,77086449-1,Aloe omoana,Aloe,omoana,Asphodelaceae,correct,T,0,1,CR,T,1,confident,1840,1,4,4,0,absent,absent,absent,absent,0.29462982,0.097515346,0,0,0.607854834,0.027424948,0.090088648,0.207448975,0.327100758,0.347936671,0,0,8.26E-06,0.000371258,0.007121961,0.060471889,0.115582568,0.368127392,0.342553156,0.105763521,8.26E-06,0.000379513,2,2,0,threatened,0.648532128,0.581597036,0.725627927
297761-wcs,529727-1,Aloe otallensis,Aloe,otallensis,Asphodelaceae,correct,NT,0,1,LC,NT,0,low_confidence,1400,2,17700,72,1,present,present,absent,absent,0.195405981,0.632693469,0.030305534,0,0.141595017,0.03053993,0.095351681,0.601336953,0.239773588,0.032997848,0.000667006,0.003720697,0.07212921,0.14111896,0.185652997,0.221868858,0.191238513,0.138940014,0.032089407,0.012574339,0.076516913,0.217635874,133.041347,8.485281374,0.174084846,not_threatened,0.384801944,0.325266656,0.46122847
297869-wcs,529807-1,Aloe pubescens,Aloe,pubescens,Asphodelaceae,over,T,2,0,NT,NT,0,confident,2175,3,27400,14300,1,present,absent,absent,absent,0.171883287,0.600658358,0,0,0.227458355,0.010575945,0.035890019,0.577598608,0.251640827,0.124294601,0,0,0.004471981,0.176969746,0.180865572,0.170940861,0.153666838,0.167246715,0.114693708,0.031144577,0.004471981,0.181441727,165.5294536,119.5826074,0,over,0.580986926,0.503475034,0.656965808
297870-wcs,994719-1,Aloe pulcherrima,Aloe,pulcherrima,Asphodelaceae,correct,T,0,1,VU,T,1,confident,2595,3,9100,20,1,present,absent,absent,absent,0.253760017,0.208604275,0,0,0.537635708,0.048727822,0.096492016,0.264264231,0.326186795,0.264329136,0,0,0.013807558,0.021635676,0.045045945,0.176357434,0.174758906,0.338433751,0.181938429,0.048022301,0.013807558,0.035443234,95.39392014,4.472135955,0,threatened,0.662916634,0.588126287,0.728034305
297949-wcs,529870-1,Aloe schelpei,Aloe,schelpei,Asphodelaceae,correct,T,0,1,EN,T,1,confident,2085,1,581,12,0,absent,absent,absent,absent,0.29462982,0.097515346,0,0,0.607854834,0.027424948,0.090088648,0.207448975,0.327100758,0.347936671,0,0,8.26E-06,0.000371258,0.007121961,0.060471889,0.115582568,0.368127392,0.342553156,0.105763521,8.26E-06,0.000379513,24.10394159,3.464101615,0,threatened,0.599931058,0.537332011,0.661892952
297981-wcs,529897-1,Aloe sinana,Aloe,sinana,Asphodelaceae,correct,T,0,1,EN,T,1,confident,1675,2,4900,20,0,absent,absent,absent,absent,0.282988292,0.092436822,0,0,0.624574886,0.048786403,0.113196178,0.252414997,0.329049648,0.256552774,0,0,5.66E-06,0.004799043,0.023938479,0.134332778,0.169488677,0.342487778,0.251115695,0.073831887,5.66E-06,0.004804706,70,4.472135955,0,threatened,0.599931058,0.537332011,0.661892952
298057-wcs,994717-1,Aloe tewoldei,Aloe,tewoldei,Asphodelaceae,over,T,2,0,NT,NT,0,confident,1100,2,11500,12,1,present,absent,absent,absent,0.11391052,0.797730815,0,0,0.088358665,0.004417969,0.013394002,0.729312286,0.2251178,0.027757943,0,0,0.053330617,0.251397733,0.255919927,0.204839022,0.151307996,0.065606253,0.0152231,0.002375351,0.053330617,0.30472835,107.2380529,3.464101615,0,over,0.662916634,0.588126287,0.728034305
298083-wcs,529984-1,Aloe trigonantha,Aloe,trigonantha,Asphodelaceae,correct,T,0,1,EN,T,1,confident,2200,2,9837,32,0,absent,absent,absent,absent,0.274107286,0.324210949,0,0,0.401681765,0.029580737,0.057643,0.253645619,0.357724542,0.301406101,0,7.98E-09,0.050067719,0.075862755,0.085749021,0.182794843,0.150591724,0.312679806,0.125034838,0.017219286,0.050067727,0.125930482,99.18165153,5.656854249,0,threatened,0.63246271,0.555089009,0.714581836
298156-wcs,530049-1,Aloe yavellana,Aloe,yavellana,Asphodelaceae,correct,T,0,1,EN,T,1,confident,1775,1,4850,32,1,present,present,absent,absent,0.174789642,0.675266597,0.022200944,0,0.127742817,0.027529804,0.076756648,0.658514077,0.207759216,0.029440255,0.000517376,0.004389231,0.071158313,0.169432092,0.20929314,0.210743404,0.181507803,0.108523285,0.028394992,0.016040364,0.07606492,0.245497012,69.64194139,5.656854249,0.148999813,threatened,0.599931058,0.537332011,0.661892952
391335-wcs,930624-1,Alopecurus baptarrhenius,Alopecurus,baptarrhenius,Poaceae,correct,T,0,1,EN,T,1,low_confidence,3900,3,19150,24,1,present,present,absent,absent,0.187374307,0.455286896,0,0,0.357338797,0.023768931,0.053559152,0.452744839,0.285107589,0.184819489,0,0,0.070716169,0.118811518,0.135336606,0.166387696,0.139432767,0.215144757,0.121782852,0.032387636,0.070716169,0.189527687,138.383525,4.898979486,0,threatened,0.540577432,0.430377828,0.641958157
8162-wcs,84353-1,Amorphophallus gomboczianus,Amorphophallus,gomboczianus,Araceae,correct,T,0,1,VU,T,1,confident,1950,3,28562,44,1,present,absent,absent,absent,0.342834902,0.190587013,0,0,0.466578085,0.031508572,0.095717932,0.277507278,0.324988864,0.270277354,0,5.70E-09,0.041054654,0.084103367,0.072774357,0.112001811,0.121798945,0.291775859,0.22155778,0.054933222,0.041054659,0.125158027,169.0029586,6.633249581,0,threatened,0.602456309,0.528453888,0.676181952
8907-wcs,931880-1,Andrachne ephemera,Andrachne,ephemera,Phyllanthaceae,correct,T,0,1,EN,T,1,confident,1300,2,73649,28,1,present,absent,absent,present,0.1379539,0.781717003,0.007737473,0,0.072591624,0.011733834,0.033086846,0.711085845,0.215038654,0.029054821,0.000180316,0.001529735,0.029068602,0.227956871,0.241130346,0.212732236,0.170162813,0.087289535,0.022021042,0.007928505,0.030778652,0.258735524,271.3834925,5.291502622,0.087962906,threatened,0.689036243,0.625551394,0.758090701
372127-wcs,77091147-1,Anthericum neghellense,Anthericum,neghellense,Asparagaceae,correct,T,0,1,VU,T,1,confident,1375,2,26432,64,0,absent,absent,absent,absent,0.139760524,0.700260071,0.010875155,0,0.14910425,0.016748028,0.047709543,0.685659423,0.222302135,0.027580871,0.000253437,0.002150069,0.104897136,0.204042376,0.231026589,0.199529505,0.154394028,0.07717592,0.018573002,0.007957937,0.107300642,0.311343019,162.5792115,8,0.104284009,threatened,0.555643603,0.481070285,0.638514444
393935-wcs,388992-1,Anthoxanthum aethiopicum,Anthoxanthum,aethiopicum,Poaceae,correct,T,0,1,EN,T,1,confident,3600,4,9320,56,1,present,present,absent,present,0.164746069,0.623771681,0.015591464,0,0.195890786,0.020095299,0.064973642,0.622060654,0.243639113,0.049231292,0.000343201,0.001914444,0.092653216,0.168598367,0.200637826,0.201658229,0.164988349,0.118691734,0.040633981,0.009880652,0.09491086,0.263509228,96.54014709,7.483314774,0.124865784,threatened,0.548582069,0.451551856,0.651097967
650871-az,475249-1,Argyrolobium schimperianum,Argyrolobium,schimperianum,Fabaceae,correct,NT,0,1,NT,NT,0,confident,2800,3,49150,48,1,present,present,absent,absent,0.281609057,0.241345029,0,0,0.477045913,0.028792057,0.069513011,0.236744903,0.346521048,0.318428981,0,5.06E-09,0.03176462,0.048261015,0.057000834,0.138070251,0.137791427,0.332952948,0.204565438,0.049593461,0.031764625,0.08002564,221.6979928,6.92820323,0,not_threatened,0.31422438,0.239445416,0.376508758
15521-wcs,930022-1,Arisaema mooneyanum,Arisaema,mooneyanum,Araceae,correct,T,0,1,VU,T,1,confident,2725,3,33429,32,1,present,present,absent,absent,0.177698282,0.552607928,0.008211108,0,0.261482682,0.01936646,0.058102691,0.568382002,0.248003188,0.106145659,0.000191354,0.001623375,0.079202895,0.154149817,0.176177501,0.165465076,0.144886529,0.148449225,0.097937221,0.031917009,0.081017624,0.23516744,182.8359921,5.656854249,0.090615166,threatened,0.6887151,0.606729139,0.759792412
1108691-az,180085-1,Artemisia schimperi,Artemisia,schimperi,Asteraceae,correct,T,0,1,VU,T,1,low_confidence,3650,4,48702,84,1,present,present,absent,absent,0.195443069,0.412292048,0,0,0.392264884,0.032018741,0.066236713,0.440959735,0.290660487,0.170124325,0,0,0.062585509,0.106815158,0.126753092,0.181257254,0.156430599,0.223345039,0.113682386,0.029130963,0.062585509,0.169400667,220.6852963,9.16515139,0,threatened,0.486663062,0.414615435,0.547563158
501128-wcs,77102745-1,Asclepias minutiflora,Asclepias,minutiflora,Apocynaceae,correct,T,0,1,VU,T,1,confident,1725,2,8540,16,0,absent,absent,absent,absent,0.267723252,0.250563621,0,0.005834434,0.475878693,0.035003346,0.117609077,0.367387696,0.25870049,0.221299391,0.00606694,0.028814524,0.051517243,0.061233189,0.054090099,0.13467603,0.118588667,0.267850549,0.212460288,0.064702471,0.086398707,0.147631896,92.41212042,4,0,threatened,0.701984122,0.644409855,0.773699213
501296-wcs,77102742-1,Asclepias pseudofimbriata,Asclepias,pseudofimbriata,Apocynaceae,correct,T,0,1,EN,T,1,confident,2725,2,569,20,0,absent,absent,absent,absent,0.189979597,0.570002389,0.01837311,0,0.221644904,0.0266192,0.080396957,0.597527005,0.224583247,0.070873591,0.000428171,0.00363245,0.058889365,0.140221336,0.180050321,0.198136281,0.181452811,0.149803401,0.067014466,0.020371397,0.062949987,0.203171323,23.85372088,4.472135955,0.135547446,threatened,0.701984122,0.644409855,0.773699213
664300-az,938932-1,Asystasia ammophila,Asystasia,ammophila,Acanthaceae,correct,T,0,1,VU,T,1,confident,2035,2,26782,44,1,present,present,absent,absent,0.195405981,0.632693469,0.030305534,0,0.141595017,0.03053993,0.095351681,0.601336953,0.239773588,0.032997848,0.000667006,0.003720697,0.07212921,0.14111896,0.185652997,0.221868858,0.191238513,0.138940014,0.032089407,0.012574339,0.076516913,0.217635874,163.65207,6.633249581,0.174084846,threatened,0.702817154,0.64140657,0.770914747
1115440-az,182883-1,Athroisma boranense,Athroisma,boranense,Asteraceae,over,T,2,0,NT,NT,0,confident,1675,1,23519,64,1,present,present,absent,absent,0.174789642,0.675266597,0.022200944,0,0.127742817,0.027529804,0.076756648,0.658514077,0.207759216,0.029440255,0.000517376,0.004389231,0.071158313,0.169432092,0.20929314,0.210743404,0.181507803,0.108523285,0.028394992,0.016040364,0.07606492,0.245497012,153.3590558,8,0.148999813,over,0.655697908,0.596818309,0.718609173
1055085-az,993429-1,Baccharoides filigera,Baccharoides,filigera,Asteraceae,over,T,2,0,LC,NT,0,low_confidence,2392.5,11,199292,116,1,present,present,absent,present,0.281422006,0.362155035,0.007871971,0.001169167,0.347381822,0.035909135,0.100826476,0.402422295,0.305762431,0.155079663,0.001379434,0.006687078,0.047237182,0.085991784,0.108320705,0.196388316,0.182600049,0.242769963,0.105805764,0.022819725,0.055303694,0.141295478,446.4213257,10.77032961,0.088724126,over,0.468489208,0.404214562,0.548056904
1014164-az,77167079-1,Barleria baluganii,Barleria,baluganii,Acanthaceae,over,T,2,0,NT,NT,0,confident,1650,3,39934,80,1,present,absent,absent,absent,0.349048031,0.392245944,0,0.00439372,0.254312305,0.042661576,0.134648941,0.443942395,0.293503376,0.085243712,0.004570213,0.021705918,0.071038071,0.127945027,0.127489412,0.227798243,0.169426025,0.189504476,0.056383742,0.004138874,0.097314202,0.225259229,199.8349319,8.94427191,0,over,0.748127198,0.677987069,0.817762594
1014165-az,77167080-1,Barleria ferox,Barleria,ferox,Acanthaceae,correct,T,0,1,EN,T,1,confident,1500,1,1348,12,1,present,present,absent,present,0.118248011,0.838664406,0,0,0.043087583,0.00330245,0.009777301,0.739146975,0.218924185,0.028849089,0,0,0.006552016,0.259265669,0.258162185,0.213796194,0.164093624,0.07593019,0.018611192,0.003588931,0.006552016,0.265817684,36.7151195,3.464101615,0,threatened,0.748127198,0.677987069,0.817762594
1014171-az,77167050-1,Barleria gidoleensis,Barleria,gidoleensis,Acanthaceae,correct,T,0,1,EN,T,1,confident,1700,2,1927,12,0,absent,absent,absent,absent,0.195405981,0.632693469,0.030305534,0,0.141595017,0.03053993,0.095351681,0.601336953,0.239773588,0.032997848,0.000667006,0.003720697,0.07212921,0.14111896,0.185652997,0.221868858,0.191238513,0.138940014,0.032089407,0.012574339,0.076516913,0.217635874,43.89760814,3.464101615,0.174084846,threatened,0.748127198,0.677987069,0.817762594
670045-az,46055-1,Barleria longissima,Barleria,longissima,Acanthaceae,correct,T,0,1,EN,T,1,low_confidence,1800,1,8,8,0,absent,absent,absent,absent,0.174789642,0.675266597,0.022200944,0,0.127742817,0.027529804,0.076756648,0.658514077,0.207759216,0.029440255,0.000517376,0.004389231,0.071158313,0.169432092,0.20929314,0.210743404,0.181507803,0.108523285,0.028394992,0.016040364,0.07606492,0.245497012,2.828427125,2.828427125,0.148999813,threatened,0.460704422,0.389972639,0.531571013
1014166-az,77167081-1,Barleria negeleensis,Barleria,negeleensis,Acanthaceae,correct,T,0,1,EN,T,1,confident,1550,2,2117,16,1,present,absent,absent,absent,0.139760524,0.700260071,0.010875155,0,0.14910425,0.016748028,0.047709543,0.685659423,0.222302135,0.027580871,0.000253437,0.002150069,0.104897136,0.204042376,0.231026589,0.199529505,0.154394028,0.07717592,0.018573002,0.007957937,0.107300642,0.311343019,46.01086828,4,0.104284009,threatened,0.748127198,0.677987069,0.817762594
1075898-az,184530-1,Berkheya chiesiana,Berkheya,chiesiana,Asteraceae,over,T,2,0,LC,NT,0,confident,1650,7,81877,56,0,absent,absent,absent,absent,0.232517185,0.546645085,0.004044415,0.001150732,0.215642583,0.021225931,0.067360807,0.533698571,0.266747398,0.110967293,0.001291048,0.006483761,0.040271555,0.163163043,0.169378581,0.188814753,0.157831086,0.167043074,0.085094197,0.020628901,0.048046365,0.211209408,286.1415734,7.483314774,0.063595718,over,0.567249641,0.494680389,0.63691669
1116650-az,903693-1,Bidens ghedoensis,Bidens,ghedoensis,Asteraceae,over,T,2,0,LC,NT,0,confident,1990,6,96283,104,1,present,absent,absent,present,0.279103416,0.428228512,0.011720251,0.001844669,0.279103153,0.03502441,0.110827323,0.458910517,0.279256541,0.115981209,0.002176268,0.010549885,0.057721062,0.108365052,0.126707411,0.193138982,0.167449303,0.204494371,0.102338575,0.027059092,0.070447214,0.178812266,310.2950209,10.19803903,0.108260109,over,0.741344292,0.684678701,0.792313375
1116833-az,935550-1,Bidens mesfinii,Bidens,mesfinii,Asteraceae,correct,T,0,1,CR,T,1,confident,2250,1,4,4,0,absent,absent,absent,absent,0.106125158,0.724259096,0,0,0.169615747,0.006419927,0.019884681,0.711662548,0.236233117,0.025799727,0,0,0.137293545,0.237275573,0.251895299,0.18876179,0.128359068,0.047075816,0.009141814,0.000197096,0.137293545,0.374569119,2,2,0,threatened,0.741344292,0.684678701,0.792313375
1116925-az,185123-1,Bidens pachyloma,Bidens,pachyloma,Asteraceae,over,T,2,0,LC,NT,0,confident,2750,11,210810,20,1,present,present,absent,absent,0.255029943,0.41571627,0.0070603,0,0.322193487,0.030035148,0.082621477,0.440767151,0.304539656,0.142036568,0.000146687,0.000818252,0.056845367,0.107184226,0.131764653,0.19121654,0.177358065,0.218210567,0.09595497,0.020500672,0.057810306,0.164994532,459.1405014,4.472135955,0.08402559,over,0.730183994,0.673610985,0.789567911
1117226-az,185323-1,Bidens zavattarii,Bidens,zavattarii,Asteraceae,correct,T,0,1,VU,T,1,confident,2000,1,19415,56,1,present,present,absent,absent,0.174789642,0.675266597,0.022200944,0,0.127742817,0.027529804,0.076756648,0.658514077,0.207759216,0.029440255,0.000517376,0.004389231,0.071158313,0.169432092,0.20929314,0.210743404,0.181507803,0.108523285,0.028394992,0.016040364,0.07606492,0.245497012,139.3377192,7.483314774,0.148999813,threatened,0.655738234,0.597922816,0.718609173
1001713-az,77146120-1,Blepharis gypsophila,Blepharis,gypsophila,Acanthaceae,correct,T,0,1,VU,T,1,confident,300,1,4,4,0,absent,absent,absent,absent,0.118248011,0.838664406,0,0,0.043087583,0.00330245,0.009777301,0.739146975,0.218924185,0.028849089,0,0,0.006552016,0.259265669,0.258162185,0.213796194,0.164093624,0.07593019,0.018611192,0.003588931,0.006552016,0.265817684,2,2,0,threatened,0.748127198,0.677987069,0.817762594
680572-az,905757-1,Boswellia ogadensis,Boswellia,ogadensis,Burseraceae,correct,T,0,1,CR,T,1,confident,350,1,583,20,0,absent,absent,absent,absent,0.118248011,0.838664406,0,0,0.043087583,0.00330245,0.009777301,0.739146975,0.218924185,0.028849089,0,0,0.006552016,0.259265669,0.258162185,0.213796194,0.164093624,0.07593019,0.018611192,0.003588931,0.006552016,0.265817684,24.14539294,4.472135955,0,threatened,0.660599206,0.5707737,0.73592273
680575-az,127061-1,Boswellia pirottae,Boswellia,pirottae,Burseraceae,correct,T,0,1,VU,T,1,low_confidence,1500,6,155668,80,0,absent,absent,absent,absent,0.317785598,0.261520676,0,0,0.420693726,0.039174972,0.096230445,0.291396086,0.347179179,0.226019317,0,2.93E-09,0.033168793,0.066947815,0.080164785,0.179272345,0.168721562,0.292564253,0.148179265,0.030981179,0.033168796,0.100116611,394.5478425,8.94427191,0,threatened,0.494136511,0.403083576,0.578796682
683364-az,46661-1,Brillantaisia grottanellii,Brillantaisia,grottanellii,Acanthaceae,over,T,2,0,LC,NT,0,confident,1750,7,181854,104,1,present,present,absent,present,0.275006027,0.453656408,0.010260235,0.001614875,0.259462456,0.034712684,0.098700306,0.441200345,0.294221588,0.131165077,0.001905373,0.00923667,0.065245975,0.117103763,0.134924543,0.212566787,0.17127973,0.2085709,0.068326975,0.010839284,0.076388018,0.193491781,426.4434312,10.19803903,0.101292816,over,0.64535857,0.582287812,0.704359954
31581-wcs,20006352-1,Callitriche favargera,Callitriche,favargera,Plantaginaceae,correct,T,0,1,VU,T,1,confident,4025,2,7076,20,1,present,present,absent,absent,0.132257919,0.61431789,0,0,0.253424191,0.009057626,0.032870754,0.643961036,0.247724119,0.066386464,0,0,0.114406572,0.197723742,0.216520221,0.180237021,0.137165847,0.097230619,0.049690359,0.007025619,0.114406572,0.312130314,84.11896338,4.472135955,0,threatened,0.692481656,0.6191059,0.765688795
31594-wcs,935202-1,Callitriche hedbergiorum,Callitriche,hedbergiorum,Plantaginaceae,correct,T,0,1,VU,T,1,confident,3800,1,4,4,1,present,absent,absent,absent,0.106125158,0.724259096,0,0,0.169615747,0.006419927,0.019884681,0.711662548,0.236233117,0.025799727,0,0,0.137293545,0.237275573,0.251895299,0.18876179,0.128359068,0.047075816,0.009141814,0.000197096,0.137293545,0.374569119,2,2,0,threatened,0.692481656,0.6191059,0.765688795
502433-wcs,77102790-1,Caralluma wilhelmii,Caralluma,wilhelmii,Apocynaceae,correct,T,0,1,CR,T,1,confident,523.5,1,8,8,0,absent,absent,absent,absent,0.118248011,0.838664406,0,0,0.043087583,0.00330245,0.009777301,0.739146975,0.218924185,0.028849089,0,0,0.006552016,0.259265669,0.258162185,0.213796194,0.164093624,0.07593019,0.018611192,0.003588931,0.006552016,0.265817684,2.828427125,2.828427125,0,threatened,0.721238881,0.650122986,0.791702663
1041004-az,188801-1,Carduus macracanthus,Carduus,macracanthus,Asteraceae,over,T,2,0,LC,NT,0,confident,3975,4,12629,56,1,present,present,absent,absent,0.188278382,0.49648211,0.001090952,0,0.314148556,0.022035782,0.052201655,0.511751195,0.287654237,0.126357132,0,0,0.07511224,0.12696128,0.157250366,0.203971268,0.182871155,0.192691456,0.054257901,0.006884334,0.07511224,0.202073519,112.3788236,7.483314774,0.033029567,over,0.661791544,0.571570075,0.754126692
494935-wcs,77177122-1,Cenchrus nanus,Cenchrus,nanus,Poaceae,correct,NT,0,1,NT,NT,0,low_confidence,3400,4,127323,72,1,present,present,absent,absent,0.200221583,0.475320226,0,0,0.324458191,0.018886478,0.044734586,0.457032631,0.300405112,0.178941193,0,3.82E-09,0.083586332,0.139348674,0.153876894,0.181462294,0.143597245,0.200437241,0.085782624,0.011908691,0.083586336,0.22293501,356.8234858,8.485281374,0,not_threatened,0.397774402,0.333182526,0.477751719
462632-wcs,77106054-1,Cenchrus thulinii,Cenchrus,thulinii,Poaceae,correct,T,0,1,CR,T,1,confident,2200,1,4,4,1,present,present,absent,absent,0.26288942,0.06474777,0,0,0.67236281,0.022254869,0.097844176,0.305229004,0.305217233,0.269454718,0,0,0,1.35E-05,0.039688562,0.137623714,0.181188858,0.347942632,0.252382961,0.041159795,0,1.35E-05,2,2,0,threatened,0.661441516,0.591895243,0.738977336
494946-wcs,77176894-1,Cenchrus uliginosus,Cenchrus,uliginosus,Poaceae,under,NT,1,0,EN,T,1,low_confidence,2500,2,54,8,0,absent,absent,absent,absent,0.25287025,0.238465084,0,0,0.508664666,0.037756945,0.080709928,0.243986788,0.324513699,0.31303264,0,0,0.017047324,0.02331618,0.041377204,0.148351663,0.148359413,0.350627205,0.212584184,0.058336828,0.017047324,0.040363503,7.348469228,2.828427125,0,under,0.397774402,0.333182526,0.477751719
502682-wcs,95564-1,Ceropegia ellenbeckii,Ceropegia,ellenbeckii,Apocynaceae,correct,T,0,1,CR,T,1,confident,2450,1,8,8,0,absent,absent,absent,absent,0.118248011,0.838664406,0,0,0.043087583,0.00330245,0.009777301,0.739146975,0.218924185,0.028849089,0,0,0.006552016,0.259265669,0.258162185,0.213796194,0.164093624,0.07593019,0.018611192,0.003588931,0.006552016,0.265817684,2.828427125,2.828427125,0,threatened,0.539801415,0.468031109,0.61896799
502728-wcs,77102792-1,Ceropegia gypsophila,Ceropegia,gypsophila,Apocynaceae,correct,T,0,1,CR,T,1,confident,550,1,4,4,0,absent,absent,absent,absent,0.118248011,0.838664406,0,0,0.043087583,0.00330245,0.009777301,0.739146975,0.218924185,0.028849089,0,0,0.006552016,0.259265669,0.258162185,0.213796194,0.164093624,0.07593019,0.018611192,0.003588931,0.006552016,0.265817684,2,2,0,threatened,0.721238881,0.650122986,0.791702663
502757-wcs,95622-1,Ceropegia inflata,Ceropegia,inflata,Apocynaceae,correct,T,0,1,EN,T,1,confident,1275,2,8,8,0,absent,absent,absent,absent,0.358653332,0.249121727,0.00286197,0,0.389362971,0.011778946,0.060515123,0.305008069,0.392042722,0.23065514,0,1.10E-08,0.042438103,0.070751324,0.090683503,0.154924631,0.206846216,0.290074233,0.125764403,0.018517575,0.042438114,0.113189438,2.828427125,2.828427125,0.053497382,threatened,0.611448728,0.541178401,0.692833191
502769-wcs,77102791-1,Ceropegia kaariyei,Ceropegia,kaariyei,Apocynaceae,correct,T,0,1,CR,T,1,confident,570,1,4,4,0,absent,absent,absent,absent,0.118248011,0.838664406,0,0,0.043087583,0.00330245,0.009777301,0.739146975,0.218924185,0.028849089,0,0,0.006552016,0.259265669,0.258162185,0.213796194,0.164093624,0.07593019,0.018611192,0.003588931,0.006552016,0.265817684,2,2,0,threatened,0.721238881,0.650122986,0.791702663
502808-wcs,95650-1,Ceropegia loranthiflora,Ceropegia,loranthiflora,Apocynaceae,correct,T,0,1,VU,T,1,low_confidence,2000,3,13101,12,0,absent,absent,absent,absent,0.294398737,0.308186829,0.001633665,0,0.395780769,0.027590579,0.064941242,0.295337899,0.361905545,0.250224736,0,6.25E-09,0.039233013,0.060749644,0.084986654,0.191792376,0.196540383,0.308166569,0.104338509,0.014192845,0.039233019,0.099982663,114.4595999,3.464101615,0.040418617,threatened,0.44062373,0.3715173,0.521305477
539059-wcs,77210070-1,Ceropegia marronina,Ceropegia,marronina,Apocynaceae,over,T,2,0,LC,NT,0,confident,1300,1,4,4,0,absent,absent,absent,absent,0.367903253,0.250140454,0.007551513,0,0.37440478,0.020405301,0.091290846,0.445863905,0.377000656,0.065439292,0,0,0,0.006024317,0.082226087,0.224372893,0.362922774,0.291823914,0.029396067,0.003233948,0,0.006024317,2,2,0.08689944,over,0.748351845,0.680387458,0.811788929
502851-wcs,20011470-1,Ceropegia microgaster,Ceropegia,microgaster,Apocynaceae,correct,T,0,1,VU,T,1,confident,1950,3,7136,12,0,absent,absent,absent,absent,0.315645055,0.354582714,0,0,0.329772231,0.026678016,0.068624473,0.272204398,0.38629229,0.246200824,0,5.27E-09,0.042168189,0.073174317,0.095077745,0.201237808,0.174361386,0.293292877,0.108096244,0.012591429,0.042168194,0.115342512,84.47484833,3.464101615,0,threatened,0.701984122,0.644409855,0.773699213
539060-wcs,77210071-1,Ceropegia pseudorhynchantha,Ceropegia,pseudorhynchantha,Apocynaceae,over,T,2,0,NT,NT,0,confident,1450,4,28675,16,1,present,absent,absent,present,0.136225662,0.730925849,0.005389819,0,0.12745867,0.010921398,0.033021245,0.69070829,0.224961213,0.040387854,0.000125606,0.001065593,0.054961296,0.218783731,0.233663301,0.202872748,0.160151088,0.090305794,0.030416287,0.007654557,0.056152494,0.274936225,169.3369422,4,0.073415387,over,0.748351845,0.680387458,0.811788929
502948-wcs,20011469-1,Ceropegia recurvata,Ceropegia,recurvata,Apocynaceae,correct,T,0,1,VU,T,1,confident,1790,2,16360,14,0,absent,absent,absent,absent,0.347743915,0.444769897,0.019595605,0,0.187890583,0.027682312,0.112236137,0.349532091,0.405398104,0.105151356,0.000400164,0.000589417,0.043938015,0.062961181,0.113092438,0.243877849,0.220835007,0.247425166,0.063895269,0.002985493,0.044927596,0.107888777,127.9062156,3.741657387,0.139984301,threatened,0.701984122,0.644409855,0.773699213
503001-wcs,95783-1,Ceropegia sobolifera,Ceropegia,sobolifera,Apocynaceae,correct,T,0,1,EN,T,1,low_confidence,3100,3,4,4,1,present,present,absent,present,0.327063118,0.364752396,0,0,0.308184486,0.04384723,0.103492616,0.337250235,0.340755239,0.174654681,0,0,0.041510041,0.089714276,0.108185183,0.226693097,0.186324347,0.264413212,0.076318196,0.006841648,0.041510041,0.131224316,2,2,0,threatened,0.44062373,0.3715173,0.521305477
1090573-az,192784-1,Chiliocephalum schimperi,Chiliocephalum,schimperi,Asteraceae,over,T,2,0,NT,NT,0,low_confidence,3000,6,89566,46,1,present,present,absent,present,0.234474953,0.380118077,0.000709226,0,0.384697745,0.020703825,0.058011494,0.407038978,0.312851348,0.201394355,0,2.71E-09,0.059350721,0.099580887,0.118377468,0.16177446,0.158706743,0.241894521,0.130822422,0.029492776,0.059350724,0.158931611,299.2757925,6.782329983,0.026631291,over,0.487359452,0.418998003,0.548087475
1090574-az,960838-1,Chiliocephalum tegetum,Chiliocephalum,tegetum,Asteraceae,correct,T,0,1,EN,T,1,confident,3000,1,50580,16,1,present,present,absent,absent,0.106125158,0.724259096,0,0,0.169615747,0.006419927,0.019884681,0.711662548,0.236233117,0.025799727,0,0,0.137293545,0.237275573,0.251895299,0.18876179,0.128359068,0.047075816,0.009141814,0.000197096,0.137293545,0.374569119,224.8999778,4,0,threatened,0.741365544,0.684678701,0.792313375
718386-az,60109-1,Chionothrix latifolia,Chionothrix,latifolia,Amaranthaceae,over,T,2,0,LC,NT,0,low_confidence,1225,6,309514,156,1,present,present,present,present,0.124840944,0.668868076,0.0976985,0,0.108592481,0.010766693,0.035735824,0.719562336,0.200286048,0.033649099,0.000166331,0.000970466,0.058605303,0.188981206,0.259005787,0.216464651,0.153891254,0.089703002,0.026230942,0.005981058,0.0597421,0.248723305,556.3398242,12.489996,0.312567592,over,0.467934895,0.371496549,0.557944708
343840-wcs,77071909-1,Chlorophytum herrmannii,Chlorophytum,herrmannii,Asparagaceae,correct,T,0,1,CR,T,1,confident,1450,2,8,8,0,absent,absent,absent,absent,0.34264295,0.246577783,0,0,0.410779267,0.024410732,0.090055245,0.254961516,0.381174354,0.249398153,0,0,0.012631286,0.032216325,0.057132019,0.143731512,0.165088939,0.31507456,0.216518043,0.057607315,0.012631286,0.044847611,2.828427125,2.828427125,0,threatened,0.647734379,0.581597036,0.721830603
524237-wcs,77160879-1,Chlorophytum mamillatum,Chlorophytum,mamillatum,Asparagaceae,correct,T,0,1,EN,T,1,confident,1550,2,10939,32,1,present,present,absent,present,0.11391052,0.797730815,0,0,0.088358665,0.004417969,0.013394002,0.729312286,0.2251178,0.027757943,0,0,0.053330617,0.251397733,0.255919927,0.204839022,0.151307996,0.065606253,0.0152231,0.002375351,0.053330617,0.30472835,104.5896744,5.656854249,0,threatened,0.695936447,0.628467291,0.760909734
346414-wcs,77079555-1,Chlorophytum pseudocaule,Chlorophytum,pseudocaule,Asparagaceae,correct,T,0,1,CR,T,1,confident,1495,1,8,8,0,absent,absent,absent,absent,0.396465967,0.413677698,0,0,0.189856334,0.021023165,0.090017703,0.308359135,0.441945704,0.138654292,0,0,0.026792336,0.067941471,0.11323542,0.237135682,0.220627283,0.255557647,0.075126516,0.003583645,0.026792336,0.094733807,2.828427125,2.828427125,0,threatened,0.648548199,0.583356748,0.727283339
302502-wcs,972948-1,Chlorophytum pterocarpum,Chlorophytum,pterocarpum,Asparagaceae,correct,T,0,1,CR,T,1,confident,1450,1,4,4,1,present,absent,absent,present,0.106125158,0.724259096,0,0,0.169615747,0.006419927,0.019884681,0.711662548,0.236233117,0.025799727,0,0,0.137293545,0.237275573,0.251895299,0.18876179,0.128359068,0.047075816,0.009141814,0.000197096,0.137293545,0.374569119,2,2,0,threatened,0.645191351,0.577640415,0.713700497
343841-wcs,77071910-1,Chlorophytum serpens,Chlorophytum,serpens,Asparagaceae,correct,T,0,1,EN,T,1,confident,1280,1,8,8,0,absent,absent,absent,absent,0.353008219,0.248500011,0,0,0.39849177,0.006495277,0.0416649,0.218733445,0.401256033,0.331850346,0,1.76E-08,0.068359502,0.110286895,0.095849334,0.112505296,0.111513896,0.289005519,0.184626651,0.027852888,0.06835952,0.178646415,2.828427125,2.828427125,0,threatened,0.647734379,0.581597036,0.721830603
489794-wcs,77144236-1,Chrysojasminum stans,Chrysojasminum,stans,Oleaceae,correct,T,0,1,VU,T,1,confident,2800,1,10624,32,1,present,absent,absent,absent,0.29462982,0.097515346,0,0,0.607854834,0.027424948,0.090088648,0.207448975,0.327100758,0.347936671,0,0,8.26E-06,0.000371258,0.007121961,0.060471889,0.115582568,0.368127392,0.342553156,0.105763521,8.26E-06,0.000379513,103.0727898,5.656854249,0,threatened,0.513393944,0.44656563,0.58166208
503120-wcs,77095797-1,Cibirhiza spiculata,Cibirhiza,spiculata,Apocynaceae,correct,T,0,1,EN,T,1,confident,523.5,1,15,8,0,absent,absent,absent,absent,0.118248011,0.838664406,0,0,0.043087583,0.00330245,0.009777301,0.739146975,0.218924185,0.028849089,0,0,0.006552016,0.259265669,0.258162185,0.213796194,0.164093624,0.07593019,0.018611192,0.003588931,0.006552016,0.265817684,3.872983346,2.828427125,0,threatened,0.704705647,0.639249998,0.774617469
1041573-az,195256-1,Cirsium dender,Cirsium,dender,Asteraceae,over,T,2,0,LC,NT,0,confident,2475,5,85676,20,1,present,absent,absent,absent,0.228606144,0.452527242,0.006237675,0.00219719,0.310431748,0.030129344,0.093956595,0.512130646,0.255096647,0.108686769,0.002411834,0.011037578,0.088220421,0.142119247,0.146094862,0.176396499,0.137481404,0.170369101,0.099886923,0.025982129,0.101669833,0.243789081,292.7046293,4.472135955,0.078978953,over,0.714260227,0.642985045,0.774025765
1041672-az,195311-1,Cirsium englerianum,Cirsium,englerianum,Asteraceae,over,T,2,0,LC,NT,0,confident,2030,6,90918,24,1,present,absent,absent,present,0.280055166,0.398164451,0.006710609,0.001909327,0.313160447,0.033748967,0.105905819,0.452570655,0.27508323,0.13269133,0.002142085,0.010757744,0.052378136,0.106885622,0.122588449,0.18345966,0.163038327,0.210767362,0.117566096,0.030416519,0.065277966,0.172163588,301.5261183,4.898979486,0.081918307,over,0.56761826,0.494852057,0.63691669
1042519-az,195964-1,Cirsium schimperi,Cirsium,schimperi,Asteraceae,over,T,2,0,LC,NT,0,confident,2550,7,141573,148,1,present,present,absent,absent,0.227047053,0.377411953,0.004860925,0,0.390680069,0.028557632,0.072140775,0.400574407,0.311263969,0.187463217,9.93E-05,0.000146202,0.060967236,0.096616295,0.116258555,0.175699525,0.157203502,0.240446959,0.12532871,0.027233758,0.061212695,0.15782899,376.2618769,12.16552506,0.069720334,over,0.714255791,0.642985045,0.774025765
1042616-az,196055-1,Cirsium straminispinum,Cirsium,straminispinum,Asteraceae,correct,T,0,1,EN,T,1,confident,2290,3,36,8,0,absent,absent,absent,absent,0.217310611,0.512669559,0.012633848,0,0.257385982,0.033192621,0.077217654,0.502087307,0.272327318,0.115175099,0.000265737,0.002254414,0.047857791,0.103351827,0.145934578,0.222684966,0.211509821,0.210738402,0.043906066,0.011496397,0.050377942,0.15372977,6,2.828427125,0.11240039,threatened,0.714255791,0.642985045,0.774025765
483619-wcs,988803-1,Cladostigma nigistiae,Cladostigma,nigistiae,Convolvulaceae,correct,T,0,1,EN,T,1,confident,1095,1,1412,12,1,present,present,absent,absent,0.174789642,0.675266597,0.022200944,0,0.127742817,0.027529804,0.076756648,0.658514077,0.207759216,0.029440255,0.000517376,0.004389231,0.071158313,0.169432092,0.20929314,0.210743404,0.181507803,0.108523285,0.028394992,0.016040364,0.07606492,0.245497012,37.57658846,3.464101615,0.148999813,threatened,0.664585134,0.589839572,0.73924826
343851-wcs,77073032-1,Clinopodium paradoxum,Clinopodium,paradoxum,Lamiaceae,over,T,2,0,LC,NT,0,low_confidence,2425,11,346161,320,1,present,present,absent,present,0.219873365,0.532308087,0.003200291,0.000821843,0.243796414,0.021457583,0.063024642,0.527420683,0.272727647,0.115369444,0.000922014,0.004630436,0.050230455,0.152815091,0.165911838,0.193147109,0.164988567,0.174374436,0.076279916,0.016700138,0.055782905,0.208597995,588.354485,17.88854382,0.056571114,over,0.455041123,0.382477051,0.53599135
533564-wcs,77200982-1,Coleus abyssinicus,Coleus,abyssinicus,Lamiaceae,correct,NT,0,1,LC,NT,0,confident,1900,10,309232,172,1,present,absent,absent,present,0.223969154,0.51529155,0.00623712,0.00098167,0.253520505,0.029571993,0.079604424,0.513021451,0.269272081,0.108530051,0.001158119,0.005614211,0.03604207,0.138311332,0.154144719,0.20683853,0.174070151,0.188149087,0.07787916,0.017792621,0.0428144,0.181125732,556.0863242,13.11487705,0.078975442,not_threatened,0.336977134,0.270576868,0.405647585
45938-wcs,445999-1,Coleus garckeanus,Coleus,garckeanus,Lamiaceae,over,T,2,0,LC,NT,0,low_confidence,2225,9,171344,124,1,present,present,absent,absent,0.254651013,0.429349049,0.004558118,0,0.31144182,0.025766303,0.073855923,0.446818426,0.300874381,0.152684966,9.59E-05,0.000813496,0.05893954,0.115598685,0.136897367,0.181439303,0.16854427,0.213507901,0.101620061,0.022543486,0.059848926,0.175447611,413.9371933,11.13552873,0.067513834,over,0.435681419,0.371847059,0.522197431
533227-wcs,77201176-1,Coleus recurvata,Coleus,recurvata,Lamiaceae,correct,T,0,1,VU,T,1,confident,1700,3,50566,26,1,present,absent,absent,absent,0.214108637,0.587242442,0,0.003077411,0.195571509,0.018913432,0.068929302,0.57697531,0.277874192,0.057307764,0.003200735,0.015201675,0.104558541,0.172144886,0.186647762,0.215550168,0.153873257,0.119910123,0.027781831,0.001131022,0.122960951,0.295105837,224.8688507,5.099019514,0,threatened,0.697628952,0.63798844,0.765874013
1008962-az,77154413-1,Commicarpus leleensis,Commicarpus,leleensis,Nyctaginaceae,correct,T,0,1,VU,T,1,confident,875,1,8,8,0,absent,absent,absent,absent,0.106125158,0.724259096,0,0,0.169615747,0.006419927,0.019884681,0.711662548,0.236233117,0.025799727,0,0,0.137293545,0.237275573,0.251895299,0.18876179,0.128359068,0.047075816,0.009141814,0.000197096,0.137293545,0.374569119,2.828427125,2.828427125,0,threatened,0.777622108,0.693547788,0.865236933
1008958-az,77154411-1,Commicarpus macrothamnus,Commicarpus,macrothamnus,Nyctaginaceae,correct,T,0,1,VU,T,1,confident,825,1,23,16,0,absent,absent,absent,absent,0.106125158,0.724259096,0,0,0.169615747,0.006419927,0.019884681,0.711662548,0.236233117,0.025799727,0,0,0.137293545,0.237275573,0.251895299,0.18876179,0.128359068,0.047075816,0.009141814,0.000197096,0.137293545,0.374569119,4.795831523,4,0,threatened,0.777622108,0.693547788,0.865236933
733584-az,905888-1,Commiphora monoica,Commiphora,monoica,Burseraceae,correct,T,0,1,CR,T,1,confident,1325,1,25.5,20,1,present,absent,absent,present,0.106125158,0.724259096,0,0,0.169615747,0.006419927,0.019884681,0.711662548,0.236233117,0.025799727,0,0,0.137293545,0.237275573,0.251895299,0.18876179,0.128359068,0.047075816,0.009141814,0.000197096,0.137293545,0.374569119,5.049752469,4.472135955,0,threatened,0.660599206,0.5707737,0.73592273
483872-wcs,1008121-1,Convolvulus bidrensis,Convolvulus,bidrensis,Convolvulaceae,correct,T,0,1,CR,T,1,confident,1700,1,4,4,0,absent,absent,absent,absent,0.106125158,0.724259096,0,0,0.169615747,0.006419927,0.019884681,0.711662548,0.236233117,0.025799727,0,0,0.137293545,0.237275573,0.251895299,0.18876179,0.128359068,0.047075816,0.009141814,0.000197096,0.137293545,0.374569119,2,2,0,threatened,0.664784917,0.589839572,0.73924826
1056602-az,199629-1,Crepis achyrophoroides,Crepis,achyrophoroides,Asteraceae,correct,T,0,1,EN,T,1,low_confidence,2860,2,2131,16,1,present,present,absent,absent,0.274107286,0.324210949,0,0,0.401681765,0.029580737,0.057643,0.253645619,0.357724542,0.301406101,0,7.98E-09,0.050067719,0.075862755,0.085749021,0.182794843,0.150591724,0.312679806,0.125034838,0.017219286,0.050067727,0.125930482,46.16275555,4,0,threatened,0.468013693,0.404214562,0.548056904
1057606-az,200323-1,Crepis tenerrima,Crepis,tenerrima,Asteraceae,correct,T,0,1,VU,T,1,low_confidence,2925,2,6663,24,1,present,present,absent,absent,0.274107286,0.324210949,0,0,0.401681765,0.029580737,0.057643,0.253645619,0.357724542,0.301406101,0,7.98E-09,0.050067719,0.075862755,0.085749021,0.182794843,0.150591724,0.312679806,0.125034838,0.017219286,0.050067727,0.125930482,81.62720135,4.898979486,0,threatened,0.468013693,0.404214562,0.548056904
1057724-az,200375-1,Crepis xylorrhiza,Crepis,xylorrhiza,Asteraceae,correct,T,0,1,CR,T,1,confident,2817,1,4,4,0,absent,absent,absent,absent,0.208939152,0.38674431,0,0,0.404316538,0.048637836,0.070832958,0.282465695,0.321789201,0.27627431,0,0,0.034972436,0.047454254,0.077413744,0.240801248,0.182840678,0.332216996,0.075856731,0.008443913,0.034972436,0.08242669,2,2,0,threatened,0.65183649,0.571570075,0.716590101
405868-wcs,396708-1,Crinipes abyssinicus,Crinipes,abyssinicus,Poaceae,under,NT,1,0,VU,T,1,confident,2600,4,96322,36,1,present,present,absent,absent,0.294470617,0.242655927,0.001125501,0,0.461747955,0.027539037,0.07276672,0.267988245,0.351074841,0.280631157,0,4.31E-09,0.027029342,0.041964622,0.060761263,0.15093573,0.171352655,0.326821679,0.178452241,0.042682464,0.027029346,0.068993968,310.357858,6,0.033548492,under,0.261417245,0.193032215,0.340582741
743295-az,899575-1,Crotalaria awasensis,Crotalaria,awasensis,Fabaceae,correct,T,0,1,CR,T,1,confident,1700,1,4,4,0,absent,absent,absent,absent,0.29462982,0.097515346,0,0,0.607854834,0.027424948,0.090088648,0.207448975,0.327100758,0.347936671,0,0,8.26E-06,0.000371258,0.007121961,0.060471889,0.115582568,0.368127392,0.342553156,0.105763521,8.26E-06,0.000379513,2,2,0,threatened,0.699334838,0.634080592,0.762950953
743627-az,488108-1,Crotalaria exaltata,Crotalaria,exaltata,Fabaceae,over,T,2,0,LC,NT,0,confident,3200,4,8,8,0,absent,absent,absent,absent,0.208707917,0.513354609,0.007092339,0,0.270845134,0.026038628,0.073393263,0.55337548,0.245374014,0.101818616,0.000165282,0.001402189,0.078158021,0.157976758,0.172150059,0.16900029,0.144763291,0.152282222,0.095309191,0.028792698,0.079725491,0.237702249,2.828427125,2.828427125,0.084216027,over,0.661960246,0.566001232,0.756711833
743638-az,488117-1,Crotalaria fallax,Crotalaria,fallax,Fabaceae,correct,T,0,1,EN,T,1,confident,1675,2,1610,16,0,absent,absent,absent,absent,0.195405981,0.632693469,0.030305534,0,0.141595017,0.03053993,0.095351681,0.601336953,0.239773588,0.032997848,0.000667006,0.003720697,0.07212921,0.14111896,0.185652997,0.221868858,0.191238513,0.138940014,0.032089407,0.012574339,0.076516913,0.217635874,40.1248053,4,0.174084846,threatened,0.541711145,0.44917585,0.628430168
743707-az,899600-1,Crotalaria gillettii,Crotalaria,gillettii,Fabaceae,over,T,2,0,NT,NT,0,confident,2250,5,88460,76,1,present,absent,absent,present,0.226244099,0.572979837,0.00638123,0.001815611,0.192579224,0.027450553,0.083616285,0.585828148,0.251708878,0.051396136,0.002036931,0.010229652,0.090908118,0.172602431,0.188249761,0.211208855,0.160604562,0.123584944,0.034194671,0.006380075,0.103174702,0.275777132,297.4222588,8.717797887,0.079882602,over,0.63677554,0.562301241,0.710918867
743862-az,899614-1,Crotalaria jijigensis,Crotalaria,jijigensis,Fabaceae,correct,T,0,1,EN,T,1,confident,1812.5,1,456,36,0,absent,absent,absent,absent,0.118248011,0.838664406,0,0,0.043087583,0.00330245,0.009777301,0.739146975,0.218924185,0.028849089,0,0,0.006552016,0.259265669,0.258162185,0.213796194,0.164093624,0.07593019,0.018611192,0.003588931,0.006552016,0.265817684,21.3541565,6,0,threatened,0.699334838,0.634080592,0.762950953
744347-az,899636-1,Crotalaria polhillii,Crotalaria,polhillii,Fabaceae,correct,T,0,1,EN,T,1,confident,1650,2,96,12,1,present,absent,absent,absent,0.33797627,0.162928584,0,0,0.499095146,0.043443854,0.121509742,0.305551654,0.288597411,0.240897339,0,0,0.028025287,0.071609074,0.061763406,0.111761558,0.126706779,0.293097813,0.239180628,0.067855454,0.028025287,0.099634361,9.797958971,3.464101615,0,threatened,0.699334838,0.634080592,0.762950953
744479-az,488789-1,Crotalaria rosenii,Crotalaria,rosenii,Fabaceae,over,T,2,0,LC,NT,0,low_confidence,2075,7,205625,164,1,present,present,absent,present,0.257544173,0.424290637,0.004880869,0.001719262,0.311565059,0.028219837,0.093544337,0.46766019,0.287955894,0.122619742,0.001887491,0.008637962,0.073346389,0.122140707,0.134780474,0.183958448,0.153321242,0.194128307,0.104555552,0.023243427,0.083871843,0.20601255,453.4589287,12.80624847,0.069863218,over,0.509596971,0.413599689,0.597205558
744499-az,488809-1,Crotalaria ruspoliana,Crotalaria,ruspoliana,Fabaceae,correct,T,0,1,CR,T,1,low_confidence,1800,1,6,6,0,absent,absent,absent,absent,0.174789642,0.675266597,0.022200944,0,0.127742817,0.027529804,0.076756648,0.658514077,0.207759216,0.029440255,0.000517376,0.004389231,0.071158313,0.169432092,0.20929314,0.210743404,0.181507803,0.108523285,0.028394992,0.016040364,0.07606492,0.245497012,2.449489743,2.449489743,0.148999813,threatened,0.469136021,0.382071489,0.549037507
744501-az,488811-1,Crotalaria sacculata,Crotalaria,sacculata,Fabaceae,correct,T,0,1,CR,T,1,confident,1950,1,24,24,1,present,present,absent,absent,0.174789642,0.675266597,0.022200944,0,0.127742817,0.027529804,0.076756648,0.658514077,0.207759216,0.029440255,0.000517376,0.004389231,0.071158313,0.169432092,0.20929314,0.210743404,0.181507803,0.108523285,0.028394992,0.016040364,0.07606492,0.245497012,4.898979486,4.898979486,0.148999813,threatened,0.56301846,0.478444066,0.671562306
744712-az,488990-1,Crotalaria trifoliolata,Crotalaria,trifoliolata,Fabaceae,under,NT,1,0,EN,T,1,low_confidence,1850,1,556.5,176,1,present,absent,absent,absent,0.106125158,0.724259096,0,0,0.169615747,0.006419927,0.019884681,0.711662548,0.236233117,0.025799727,0,0,0.137293545,0.237275573,0.251895299,0.18876179,0.128359068,0.047075816,0.009141814,0.000197096,0.137293545,0.374569119,23.59025222,13.26649916,0,under,0.41104148,0.331378429,0.495577807
533812-wcs,77194036-1,Croton elkerensis,Croton,elkerensis,Euphorbiaceae,correct,T,0,1,VU,T,1,confident,1200,1,70,4,0,absent,absent,absent,absent,0.106125158,0.724259096,0,0,0.169615747,0.006419927,0.019884681,0.711662548,0.236233117,0.025799727,0,0,0.137293545,0.237275573,0.251895299,0.18876179,0.128359068,0.047075816,0.009141814,0.000197096,0.137293545,0.374569119,8.366600265,2,0,threatened,0.710059207,0.647615277,0.774709513
52463-wcs,90177-1,Cussonia ostinii,Cussonia,ostinii,Araliaceae,correct,T,0,1,VU,T,1,confident,1800,6,148532,80,1,present,present,absent,absent,0.327585147,0.31258197,0.006090622,0.002145392,0.35159687,0.032527495,0.110170888,0.348734492,0.325076117,0.183491007,0.002355686,0.010780625,0.055034085,0.087959702,0.093206511,0.172926968,0.152801066,0.252012011,0.141981073,0.030942272,0.068170396,0.156130099,385.3984951,8.94427191,0.078042437,threatened,0.534465741,0.467573037,0.617481053
235419-wcs,172525-1,Cyanotis polyrrhiza,Cyanotis,polyrrhiza,Commelinaceae,under,NT,1,0,VU,T,1,confident,2850,7,254835,64,1,present,present,absent,absent,0.199616964,0.538605056,0,0,0.26177798,0.018438684,0.048138112,0.524701763,0.269569354,0.139152087,0,1.71E-09,0.045413246,0.16742397,0.171543647,0.178577955,0.147316171,0.175825553,0.093522521,0.020376935,0.045413248,0.212837218,504.8118461,8,0,under,0.321143737,0.253759522,0.378208421
750170-az,972412-1,Cycniopsis humilis,Cycniopsis,humilis,Orobanchaceae,correct,NT,0,1,LC,NT,0,low_confidence,2200,6,142680,88,1,present,present,absent,present,0.193726031,0.461856602,0.005774225,0,0.338643142,0.030324476,0.070679906,0.490087326,0.269926807,0.138981485,0.000134564,0.001141592,0.0614239,0.117313914,0.143503124,0.186561924,0.164294476,0.200232677,0.099015785,0.026378043,0.062700056,0.180013969,377.7300623,9.38083152,0.075988322,not_threatened,0.383805672,0.309086526,0.452153989
503417-wcs,990655-1,Cynanchum balense,Cynanchum,balense,Apocynaceae,correct,T,0,1,EN,T,1,confident,3260,1,47,12,1,present,present,absent,absent,0.106125158,0.724259096,0,0,0.169615747,0.006419927,0.019884681,0.711662548,0.236233117,0.025799727,0,0,0.137293545,0.237275573,0.251895299,0.18876179,0.128359068,0.047075816,0.009141814,0.000197096,0.137293545,0.374569119,6.8556546,3.464101615,0,threatened,0.718275489,0.649427692,0.783091366
751935-az,115097-1,Cynoglossum densefoliatum,Cynoglossum,densefoliatum,Boraginaceae,over,T,2,0,LC,NT,0,confident,2075,7,141524,106,1,present,present,absent,absent,0.175368028,0.593223844,0.004294,0,0.227114127,0.017501846,0.047015984,0.576334524,0.255864686,0.10328296,9.03E-05,0.000766232,0.04336554,0.162912314,0.18190673,0.191767606,0.16872548,0.160181083,0.071444547,0.018840149,0.044222091,0.207134405,376.196757,10.29563014,0.06552862,over,0.539261401,0.458243891,0.630569493
235843-wcs,992818-1,Cyperus bifolius,Cyperus,bifolius,Cyperaceae,correct,T,0,1,CR,T,1,confident,1875,1,4,4,0,absent,absent,absent,absent,0.225324886,0.491731382,0,0.015028118,0.267915614,0.046978309,0.161095321,0.62011392,0.15061821,0.021194241,0.015626998,0.074219375,0.132683186,0.157137149,0.12810074,0.251604149,0.123325566,0.10983804,0.007464798,0,0.222529558,0.379666707,2,2,0,threatened,0.592293961,0.50619082,0.683911329
235869-wcs,975697-1,Cyperus boreohemisphaericus,Cyperus,boreohemisphaericus,Cyperaceae,over,T,2,0,LC,NT,0,confident,1700,4,52510,48,1,present,absent,absent,absent,0.342436781,0.29163476,0.008948565,0,0.356979894,0.036256146,0.117280717,0.325607974,0.34186182,0.178993343,0.000182728,0.000269148,0.035291571,0.067660157,0.08520196,0.172090278,0.169688878,0.272242154,0.159139467,0.038233659,0.035743447,0.103403604,229.1506055,6.92820323,0.094596855,over,0.592293961,0.50619082,0.683911329
236057-wcs,304120-1,Cyperus clandestinus,Cyperus,clandestinus,Cyperaceae,under,NT,1,0,EN,T,1,confident,3300,4,52127,20,1,present,present,absent,absent,0.183598941,0.521280226,0.006660225,0,0.288460609,0.024895385,0.060507248,0.514376687,0.261940263,0.138280417,0.000155211,0.001316758,0.070848811,0.133997556,0.157523371,0.179694291,0.152055167,0.183158596,0.09376674,0.027483498,0.07232078,0.206318337,228.3133811,4.472135955,0.0816102,under,0.241549789,0.179116678,0.311014116
238094-wcs,305606-1,Cyperus pratensis,Cyperus,pratensis,Cyperaceae,under,NT,1,0,CR,T,1,confident,2075,2,8,8,0,absent,absent,absent,absent,0.25287025,0.238465084,0,0,0.508664666,0.037756945,0.080709928,0.243986788,0.324513699,0.31303264,0,0,0.017047324,0.02331618,0.041377204,0.148351663,0.148359413,0.350627205,0.212584184,0.058336828,0.017047324,0.040363503,2.828427125,2.828427125,0,under,0.32890006,0.251143151,0.405925576
752675-az,903997-1,Cyphostemma burgeri,Cyphostemma,burgeri,Vitaceae,correct,T,0,1,EN,T,1,confident,1650,2,1628,20,1,present,absent,absent,present,0.154481699,0.753249043,0.001095988,0,0.09117327,0.00578994,0.021632878,0.696490999,0.241915305,0.034170879,0,0,0.005601089,0.222511511,0.232627717,0.215331242,0.192950672,0.107263903,0.020176453,0.003537411,0.005601089,0.228112601,40.348482,4.472135955,0.03310571,threatened,0.666812763,0.578394299,0.758508223
754435-az,899673-1,Cystostemon ethiopicus,Cystostemon,ethiopicus,Boraginaceae,correct,T,0,1,VU,T,1,confident,1575,1,5417,36,0,absent,absent,absent,absent,0.174789642,0.675266597,0.022200944,0,0.127742817,0.027529804,0.076756648,0.658514077,0.207759216,0.029440255,0.000517376,0.004389231,0.071158313,0.169432092,0.20929314,0.210743404,0.181507803,0.108523285,0.028394992,0.016040364,0.07606492,0.245497012,73.60027174,6,0.148999813,threatened,0.717240505,0.639284361,0.785060221
1039654-az,993602-1,Dicoma aethiopica,Dicoma,aethiopica,Asteraceae,correct,T,0,1,EN,T,1,confident,1450,2,1668,16,1,present,absent,absent,present,0.139760524,0.700260071,0.010875155,0,0.14910425,0.016748028,0.047709543,0.685659423,0.222302135,0.027580871,0.000253437,0.002150069,0.104897136,0.204042376,0.231026589,0.199529505,0.154394028,0.07717592,0.018573002,0.007957937,0.107300642,0.311343019,40.84115571,4,0.104284009,threatened,0.725334743,0.656145692,0.793723034
604181-az,77074687-1,Diplolophium boranense,Diplolophium,boranense,Apiaceae,correct,T,0,1,CR,T,1,confident,1575,1,4,4,0,absent,absent,absent,absent,0.174789642,0.675266597,0.022200944,0,0.127742817,0.027529804,0.076756648,0.658514077,0.207759216,0.029440255,0.000517376,0.004389231,0.071158313,0.169432092,0.20929314,0.210743404,0.181507803,0.108523285,0.028394992,0.016040364,0.07606492,0.245497012,2,2,0.148999813,threatened,0.661385066,0.593089889,0.744188249
241247-wcs,20010875-1,Disa facula,Disa,facula,Orchidaceae,correct,T,0,1,EN,T,1,confident,1620,2,1883,12,0,absent,absent,absent,absent,0.376122487,0.336354569,0,0,0.287522944,0.014218971,0.067371474,0.266382584,0.422888534,0.229138437,0,8.26E-09,0.046249744,0.087763178,0.105097069,0.178796745,0.169551785,0.271214449,0.126383049,0.014943971,0.046249752,0.134012931,43.39354791,3.464101615,0,threatened,0.852159081,0.793670644,0.907255617
63139-wcs,630328-1,Disperis crassicaulis,Disperis,crassicaulis,Orchidaceae,correct,T,0,1,VU,T,1,confident,2250,5,171852,36,0,absent,absent,absent,absent,0.179330188,0.576949949,0.004972956,0,0.238746907,0.024961671,0.055758456,0.551317088,0.254781585,0.113181201,0.000115891,0.000983177,0.023615994,0.154240513,0.171071484,0.199735908,0.171804948,0.17702068,0.079157816,0.02225359,0.024715062,0.178955574,414.5503588,6,0.070519192,threatened,0.587866922,0.450766363,0.69074775
63153-wcs,630340-1,Disperis galerita,Disperis,galerita,Orchidaceae,correct,T,0,1,VU,T,1,confident,2900,4,104044,40,1,present,present,absent,absent,0.230995671,0.450167884,0.009415383,0,0.309421062,0.028063929,0.069296876,0.429771074,0.289533671,0.183334449,0.000219459,0.001861817,0.054589256,0.108849762,0.134083175,0.190658101,0.166409582,0.229197465,0.095296482,0.018834901,0.056670532,0.165520294,322.5585218,6.32455532,0.097032898,threatened,0.654750154,0.557296025,0.751817734
63178-wcs,630364-1,Disperis meirax,Disperis,meirax,Orchidaceae,correct,T,0,1,EN,T,1,confident,3150,2,22520,12,1,present,present,absent,absent,0.222353057,0.306684816,0,0,0.470962126,0.042078926,0.077548053,0.288124744,0.317669344,0.274578932,0,0,0.026277077,0.035658834,0.068033957,0.215147739,0.182429978,0.336126934,0.119747267,0.016578214,0.026277077,0.061935911,150.0666519,3.464101615,0,threatened,0.654750154,0.557296025,0.751817734
774803-az,822893-1,Dombeya aethiopica,Dombeya,aethiopica,Malvaceae,over,T,2,0,LC,NT,0,confident,1950,5,63867,52,1,present,present,absent,absent,0.276271519,0.390195756,0.013682789,0,0.319849936,0.031071755,0.095552768,0.423541019,0.286560312,0.163274146,0.000301237,0.001680364,0.05508871,0.109853052,0.123753208,0.16162055,0.153159611,0.222751323,0.135989067,0.035802878,0.057070311,0.166923363,252.7192118,7.211102551,0.116973455,over,0.75511941,0.662471698,0.840302953
775010-az,1001910-1,Dombeya kefaensis,Dombeya,kefaensis,Malvaceae,correct,T,0,1,VU,T,1,confident,1950,1,8,8,0,absent,absent,absent,absent,0.405290822,0.26451159,0,0,0.330197588,0.0683656,0.170393761,0.458176936,0.228695029,0.074368674,0,0,0.071534131,0.182237318,0.146618437,0.191411473,0.14398204,0.17658118,0.078649021,0.0089864,0.071534131,0.253771449,2.828427125,2.828427125,0,threatened,0.766302279,0.696050481,0.840302953
775044-az,958279-1,Dombeya longebracteolata,Dombeya,longebracteolata,Malvaceae,correct,T,0,1,VU,T,1,confident,1900,3,18552,20,1,present,absent,absent,absent,0.246534688,0.54300303,0.022922996,0,0.187539286,0.039763802,0.113650855,0.566427072,0.237072058,0.043086213,0.000504552,0.002814496,0.071984275,0.151133621,0.176145859,0.214450751,0.179728872,0.148107781,0.043429323,0.011700471,0.075303322,0.226436943,136.2057268,4.472135955,0.151403421,threatened,0.766302279,0.696050481,0.840302953
775887-az,583129-1,Dorstenia soerensenii,Dorstenia,soerensenii,Moraceae,correct,T,0,1,EN,T,1,confident,2000,1,4761,64,1,present,absent,absent,absent,0.405290822,0.26451159,0,0,0.330197588,0.0683656,0.170393761,0.458176936,0.228695029,0.074368674,0,0,0.071534131,0.182237318,0.146618437,0.191411473,0.14398204,0.17658118,0.078649021,0.0089864,0.071534131,0.253771449,69,8,0,threatened,0.63053488,0.545406861,0.721836242
304982-wcs,976138-1,Drimia exigua,Drimia,exigua,Asparagaceae,correct,T,0,1,EN,T,1,confident,1500,2,4372,12,0,absent,absent,absent,absent,0.33797627,0.162928584,0,0,0.499095146,0.043443854,0.121509742,0.305551654,0.288597411,0.240897339,0,0,0.028025287,0.071609074,0.061763406,0.111761558,0.126706779,0.293097813,0.239180628,0.067855454,0.028025287,0.099634361,66.12110102,3.464101615,0,threatened,0.690995721,0.629073884,0.748570242
305056-wcs,988679-1,Drimia simensis,Drimia,simensis,Asparagaceae,under,NT,1,0,EN,T,1,low_confidence,3075,2,4870,12,1,present,present,absent,absent,0.25287025,0.238465084,0,0,0.508664666,0.037756945,0.080709928,0.243986788,0.324513699,0.31303264,0,0,0.017047324,0.02331618,0.041377204,0.148351663,0.148359413,0.350627205,0.212584184,0.058336828,0.017047324,0.040363503,69.78538529,3.464101615,0,under,0.36622353,0.268367627,0.44673412
505126-wcs,97304-1,Echidnopsis montana,Echidnopsis,montana,Apocynaceae,correct,T,0,1,VU,T,1,confident,1650,2,18438.5,32,1,present,absent,present,absent,0.164393929,0.644761168,0,0,0.190844903,0.00961568,0.030796022,0.599993394,0.247235665,0.112359239,0,0,0.004840003,0.191532378,0.192483747,0.173682699,0.151401911,0.152376328,0.103362558,0.030320374,0.004840003,0.196372382,135.7884384,5.656854249,0,threatened,0.644378893,0.585806539,0.717048802
1040306-az,940178-1,Echinops buhaitensis,Echinops,buhaitensis,Asteraceae,correct,T,0,1,EN,T,1,confident,3575,1,12,12,1,present,present,absent,absent,0.208939152,0.38674431,0,0,0.404316538,0.048637836,0.070832958,0.282465695,0.321789201,0.27627431,0,0,0.034972436,0.047454254,0.077413744,0.240801248,0.182840678,0.332216996,0.075856731,0.008443913,0.034972436,0.08242669,3.464101615,3.464101615,0,threatened,0.7253249,0.656145692,0.793723034
1040352-az,202476-1,Echinops ellenbeckii,Echinops,ellenbeckii,Asteraceae,correct,T,0,1,VU,T,1,confident,2575,4,127963,116,1,present,present,absent,present,0.172660398,0.620607367,0.005936165,0,0.20079607,0.0151015,0.046798696,0.599197667,0.23992735,0.098974787,0.000138338,0.001173608,0.022302803,0.174954302,0.188466633,0.181583403,0.161111052,0.151545042,0.091618859,0.027105961,0.023614748,0.19856905,357.7191636,10.77032961,0.077046513,threatened,0.567593314,0.494852057,0.63691669
1040438-az,940177-1,Echinops kebericho,Echinops,kebericho,Asteraceae,over,T,2,0,NT,NT,0,confident,2450,7,82182,68,1,present,absent,absent,absent,0.291539728,0.373600292,0.005931913,0,0.328928066,0.030806947,0.086220257,0.387344792,0.316908658,0.178719345,0.000124797,0.001058732,0.04221848,0.090841312,0.112894308,0.181801743,0.178003591,0.248560784,0.117274758,0.027221494,0.043402009,0.134243321,286.6740309,8.246211251,0.077018916,over,0.7253249,0.656145692,0.793723034
1040470-az,202571-1,Echinops longisetus,Echinops,longisetus,Asteraceae,correct,NT,0,1,LC,NT,0,low_confidence,2900,11,247730,180,1,present,present,absent,absent,0.2165514,0.527012452,0.005297634,0,0.251138514,0.023839085,0.064270701,0.514227953,0.280354621,0.11730764,0.000116636,0.000650619,0.046816361,0.148950154,0.165030139,0.195399287,0.166310843,0.180017208,0.079657885,0.01705087,0.047583615,0.196533769,497.7248236,13.41640786,0.072784846,not_threatened,0.399710365,0.291893934,0.493352607
1086190-az,77063112-1,Emilia adamagibaensis,Emilia,adamagibaensis,Asteraceae,correct,T,0,1,EN,T,1,confident,1850,1,8,8,1,present,absent,absent,absent,0.174789642,0.675266597,0.022200944,0,0.127742817,0.027529804,0.076756648,0.658514077,0.207759216,0.029440255,0.000517376,0.004389231,0.071158313,0.169432092,0.20929314,0.210743404,0.181507803,0.108523285,0.028394992,0.016040364,0.07606492,0.245497012,2.828427125,2.828427125,0.148999813,threatened,0.741528696,0.684678701,0.792313375
1086194-az,77063115-1,Emilia arvensis,Emilia,arvensis,Asteraceae,over,T,2,0,LC,NT,0,confident,2800,3,49897,3770,1,present,absent,absent,absent,0.175134309,0.628483796,0.006279147,0,0.190102748,0.01303482,0.044597909,0.580162447,0.257580257,0.104624567,0.000128198,0.000188827,0.012827892,0.175889766,0.183430722,0.183054584,0.159336487,0.161498388,0.096555235,0.027089901,0.013144917,0.189034683,223.376364,61.40032573,0.079241068,over,0.741528696,0.684678701,0.792313375
1086252-az,77063111-1,Emilia herbacea,Emilia,herbacea,Asteraceae,over,T,2,0,LC,NT,0,confident,1475,4,111033,84,1,present,present,absent,present,0.160699752,0.709375701,0.004897609,0,0.125026938,0.01498612,0.043967965,0.670875507,0.235555553,0.034614855,1.00E-04,0.000147285,0.057382507,0.225834002,0.230504214,0.207823052,0.156652027,0.09333935,0.025114567,0.003103002,0.057629786,0.283463788,333.2161461,9.16515139,0.06998292,over,0.741528696,0.684678701,0.792313375
1086302-az,77063113-1,Emilia negellensis,Emilia,negellensis,Asteraceae,correct,T,0,1,EN,T,1,confident,1600,1,150,16,0,absent,absent,absent,absent,0.174789642,0.675266597,0.022200944,0,0.127742817,0.027529804,0.076756648,0.658514077,0.207759216,0.029440255,0.000517376,0.004389231,0.071158313,0.169432092,0.20929314,0.210743404,0.181507803,0.108523285,0.028394992,0.016040364,0.07606492,0.245497012,12.24744871,4,0.148999813,threatened,0.741528696,0.684678701,0.792313375
1086326-az,77063114-1,Emilia serpentina,Emilia,serpentina,Asteraceae,over,T,2,0,LC,NT,0,confident,2000,8,235150,128,1,present,absent,absent,present,0.224211114,0.546523899,0.007170935,0.001128645,0.220965407,0.027698905,0.079912394,0.546702882,0.262023913,0.083661906,0.001331515,0.006454779,0.037504101,0.153680628,0.167037361,0.205594461,0.172818504,0.165993606,0.0716106,0.017974444,0.045290395,0.198971023,484.9226742,11.3137085,0.084681371,over,0.741528696,0.684678701,0.792313375
67372-wcs,938352-1,Endostemon glandulosus,Endostemon,glandulosus,Lamiaceae,correct,T,0,1,EN,T,1,confident,1670,1,8,8,0,absent,absent,absent,absent,0.106125158,0.724259096,0,0,0.169615747,0.006419927,0.019884681,0.711662548,0.236233117,0.025799727,0,0,0.137293545,0.237275573,0.251895299,0.18876179,0.128359068,0.047075816,0.009141814,0.000197096,0.137293545,0.374569119,2.828427125,2.828427125,0,threatened,0.713927534,0.648856999,0.778680104
534204-wcs,77201368-1,Equilabium spananthum,Equilabium,spananthum,Lamiaceae,correct,T,0,1,VU,T,1,confident,1200,1,4,4,0,absent,absent,absent,absent,0.106125158,0.724259096,0,0,0.169615747,0.006419927,0.019884681,0.711662548,0.236233117,0.025799727,0,0,0.137293545,0.237275573,0.251895299,0.18876179,0.128359068,0.047075816,0.009141814,0.000197096,0.137293545,0.374569119,2,2,0,threatened,0.743492061,0.677901816,0.804951689
412212-wcs,958603-1,Eragrostis astrepta,Eragrostis,astrepta,Poaceae,correct,T,0,1,EN,T,1,confident,1545,2,5794,16,0,absent,absent,absent,absent,0.195405981,0.632693469,0.030305534,0,0.141595017,0.03053993,0.095351681,0.601336953,0.239773588,0.032997848,0.000667006,0.003720697,0.07212921,0.14111896,0.185652997,0.221868858,0.191238513,0.138940014,0.032089407,0.012574339,0.076516913,0.217635874,76.11832894,4,0.174084846,threatened,0.661420957,0.591895243,0.738977336
243430-wcs,994708-1,Eriocaulon aethiopicum,Eriocaulon,aethiopicum,Eriocaulaceae,correct,T,0,1,VU,T,1,confident,2400,1,4,4,1,present,present,absent,absent,0.26288942,0.06474777,0,0,0.67236281,0.022254869,0.097844176,0.305229004,0.305217233,0.269454718,0,0,0,1.35E-05,0.039688562,0.137623714,0.181188858,0.347942632,0.252382961,0.041159795,0,1.35E-05,2,2,0,threatened,0.625146963,0.552226795,0.714828361
800795-az,494368-1,Erythrina brucei,Erythrina,brucei,Fabaceae,correct,NT,0,1,LC,NT,0,low_confidence,2000,7,254893,116,1,present,present,absent,present,0.195402641,0.593181099,0.006867656,0,0.204548604,0.017785599,0.054598954,0.57595932,0.255932963,0.095723164,0.000151194,0.000843392,0.054213022,0.180354988,0.189584078,0.183147222,0.152237341,0.144478996,0.075836793,0.019152974,0.055207608,0.235562596,504.86929,10.77032961,0.082871323,not_threatened,0.356997435,0.263015833,0.464285697
800798-az,494371-1,Erythrina burana,Erythrina,burana,Fabaceae,over,T,2,0,LC,NT,0,low_confidence,1725,3,7553,80,0,absent,absent,absent,absent,0.147410304,0.667932464,0,0,0.184657231,0.008684198,0.027615638,0.632542163,0.244028697,0.087129303,0,0,0.043446296,0.204865168,0.209800458,0.178077808,0.144685604,0.121684341,0.075899996,0.021540329,0.043446296,0.248311463,86.90799733,8.94427191,0,over,0.526847799,0.42199977,0.662393688
72083-wcs,931886-1,Erythrococca uniflora,Erythrococca,uniflora,Euphorbiaceae,correct,T,0,1,EN,T,1,confident,1137.5,1,8,8,0,absent,absent,absent,absent,0.174789642,0.675266597,0.022200944,0,0.127742817,0.027529804,0.076756648,0.658514077,0.207759216,0.029440255,0.000517376,0.004389231,0.071158313,0.169432092,0.20929314,0.210743404,0.181507803,0.108523285,0.028394992,0.016040364,0.07606492,0.245497012,2.828427125,2.828427125,0.148999813,threatened,0.697287596,0.639655533,0.764054469
801131-az,783053-1,Erythrophysa septentrionalis,Erythrophysa,septentrionalis,Sapindaceae,correct,T,0,1,EN,T,1,confident,700,1,8,8,0,absent,absent,absent,absent,0.118248011,0.838664406,0,0,0.043087583,0.00330245,0.009777301,0.739146975,0.218924185,0.028849089,0,0,0.006552016,0.259265669,0.258162185,0.213796194,0.164093624,0.07593019,0.018611192,0.003588931,0.006552016,0.265817684,2.828427125,2.828427125,0,threatened,0.662732224,0.591418788,0.747595416
77372-wcs,634402-1,Eulophia albobrunnea,Eulophia,albobrunnea,Orchidaceae,correct,T,0,1,VU,T,1,confident,2075,6,91445,60,1,present,present,absent,absent,0.231080145,0.453439495,0.005753594,0,0.309726766,0.023201425,0.070439023,0.494893465,0.269605831,0.141860256,0.000134098,0.001137645,0.072618004,0.143024587,0.154722014,0.159697943,0.142252635,0.181259913,0.11581921,0.02933395,0.073889748,0.216914335,302.3987434,7.745966692,0.075852452,threatened,0.605571506,0.527171197,0.678284088
78526-wcs,971508-1,Euphorbia awashensis,Euphorbia,awashensis,Euphorbiaceae,correct,T,0,1,CR,T,1,confident,1000,1,4,4,0,absent,absent,absent,absent,0.02885379,0.455098935,0.516047275,0,0,0.00010872,0.007426237,0.947061912,0.044793266,0.000609865,1.30E-05,0.000316227,0.068850838,0.105192307,0.420239571,0.262237338,0.103304466,0.037795028,0.001982246,6.90E-05,0.069180047,0.174372353,2,2,0.718364305,threatened,0.677797094,0.609282885,0.736089842
78543-wcs,971507-1,Euphorbia baleensis,Euphorbia,baleensis,Euphorbiaceae,correct,T,0,1,EN,T,1,confident,1300,1,46.5,8,1,present,absent,absent,present,0.106125158,0.724259096,0,0,0.169615747,0.006419927,0.019884681,0.711662548,0.236233117,0.025799727,0,0,0.137293545,0.237275573,0.251895299,0.18876179,0.128359068,0.047075816,0.009141814,0.000197096,0.137293545,0.374569119,6.819090848,2.828427125,0,threatened,0.677797094,0.609282885,0.736089842
78620-wcs,940018-1,Euphorbia betulicortex,Euphorbia,betulicortex,Euphorbiaceae,correct,T,0,1,CR,T,1,confident,900,1,4,4,0,absent,absent,absent,absent,0.174789642,0.675266597,0.022200944,0,0.127742817,0.027529804,0.076756648,0.658514077,0.207759216,0.029440255,0.000517376,0.004389231,0.071158313,0.169432092,0.20929314,0.210743404,0.181507803,0.108523285,0.028394992,0.016040364,0.07606492,0.245497012,2,2,0.148999813,threatened,0.677797094,0.609282885,0.736089842
78644-wcs,971506-1,Euphorbia bitataensis,Euphorbia,bitataensis,Euphorbiaceae,correct,T,0,1,EN,T,1,confident,1550,2,8,8,0,absent,absent,absent,absent,0.1379539,0.781717003,0.007737473,0,0.072591624,0.011733834,0.033086846,0.711085845,0.215038654,0.029054821,0.000180316,0.001529735,0.029068602,0.227956871,0.241130346,0.212732236,0.170162813,0.087289535,0.022021042,0.007928505,0.030778652,0.258735524,2.828427125,2.828427125,0.087962906,threatened,0.677797094,0.609282885,0.736089842
78758-wcs,971502-1,Euphorbia burgeri,Euphorbia,burgeri,Euphorbiaceae,correct,T,0,1,CR,T,1,confident,1375,3,55,24,1,present,absent,absent,present,0.147410304,0.667932464,0,0,0.184657231,0.008684198,0.027615638,0.632542163,0.244028697,0.087129303,0,0,0.043446296,0.204865168,0.209800458,0.178077808,0.144685604,0.121684341,0.075899996,0.021540329,0.043446296,0.248311463,7.416198487,4.898979486,0,threatened,0.677797094,0.609282885,0.736089842
79174-wcs,931723-1,Euphorbia cryptocaulis,Euphorbia,cryptocaulis,Euphorbiaceae,correct,T,0,1,EN,T,1,confident,1475,1,1147,16,1,present,absent,absent,absent,0.174789642,0.675266597,0.022200944,0,0.127742817,0.027529804,0.076756648,0.658514077,0.207759216,0.029440255,0.000517376,0.004389231,0.071158313,0.169432092,0.20929314,0.210743404,0.181507803,0.108523285,0.028394992,0.016040364,0.07606492,0.245497012,33.86738844,4,0.148999813,threatened,0.660283914,0.602027871,0.724414766
79240-wcs,931903-1,Euphorbia dalettiensis,Euphorbia,dalettiensis,Euphorbiaceae,correct,T,0,1,VU,T,1,confident,1200,1,4,4,1,present,present,absent,present,0.118248011,0.838664406,0,0,0.043087583,0.00330245,0.009777301,0.739146975,0.218924185,0.028849089,0,0,0.006552016,0.259265669,0.258162185,0.213796194,0.164093624,0.07593019,0.018611192,0.003588931,0.006552016,0.265817684,2,2,0,threatened,0.70253071,0.644868546,0.760258044
79400-wcs,940017-1,Euphorbia doloensis,Euphorbia,doloensis,Euphorbiaceae,correct,T,0,1,VU,T,1,confident,400,1,4,4,0,absent,absent,absent,absent,0.174789642,0.675266597,0.022200944,0,0.127742817,0.027529804,0.076756648,0.658514077,0.207759216,0.029440255,0.000517376,0.004389231,0.071158313,0.169432092,0.20929314,0.210743404,0.181507803,0.108523285,0.028394992,0.016040364,0.07606492,0.245497012,2,2,0.148999813,threatened,0.677797094,0.609282885,0.736089842
79434-wcs,906072-1,Euphorbia dumalis,Euphorbia,dumalis,Euphorbiaceae,over,T,2,0,LC,NT,0,confident,3000,7,106391,108,1,present,present,absent,present,0.219397908,0.45579299,0.010119307,0,0.314689795,0.032280748,0.088064919,0.514293595,0.262863856,0.102496882,0.000222757,0.001242586,0.067830728,0.130194155,0.151818341,0.18416855,0.163824993,0.179391286,0.09595558,0.025351022,0.069296072,0.199490227,326.1763327,10.39230485,0.100594765,over,0.677797094,0.609282885,0.736089842
79689-wcs,931891-1,Euphorbia fissispina,Euphorbia,fissispina,Euphorbiaceae,correct,T,0,1,EN,T,1,confident,550,1,8,8,0,absent,absent,absent,absent,0.174789642,0.675266597,0.022200944,0,0.127742817,0.027529804,0.076756648,0.658514077,0.207759216,0.029440255,0.000517376,0.004389231,0.071158313,0.169432092,0.20929314,0.210743404,0.181507803,0.108523285,0.028394992,0.016040364,0.07606492,0.245497012,2.828427125,2.828427125,0.148999813,threatened,0.677797094,0.609282885,0.736089842
79776-wcs,940014-1,Euphorbia furcatifolia,Euphorbia,furcatifolia,Euphorbiaceae,correct,T,0,1,EN,T,1,confident,1600,1,46,16,0,absent,absent,absent,absent,0.174789642,0.675266597,0.022200944,0,0.127742817,0.027529804,0.076756648,0.658514077,0.207759216,0.029440255,0.000517376,0.004389231,0.071158313,0.169432092,0.20929314,0.210743404,0.181507803,0.108523285,0.028394992,0.016040364,0.07606492,0.245497012,6.782329983,4,0.148999813,threatened,0.640129812,0.571727173,0.710197341
79998-wcs,904172-1,Euphorbia gymnocalycioides,Euphorbia,gymnocalycioides,Euphorbiaceae,correct,T,0,1,EN,T,1,confident,1325,1,383,12,1,present,present,absent,absent,0.174789642,0.675266597,0.022200944,0,0.127742817,0.027529804,0.076756648,0.658514077,0.207759216,0.029440255,0.000517376,0.004389231,0.071158313,0.169432092,0.20929314,0.210743404,0.181507803,0.108523285,0.028394992,0.016040364,0.07606492,0.245497012,19.57038579,3.464101615,0.148999813,threatened,0.677797094,0.609282885,0.736089842
457575-wcs,77102787-1,Euphorbia kabridarensis,Euphorbia,kabridarensis,Euphorbiaceae,correct,T,0,1,CR,T,1,confident,900,1,4,4,0,absent,absent,absent,absent,0.118248011,0.838664406,0,0,0.043087583,0.00330245,0.009777301,0.739146975,0.218924185,0.028849089,0,0,0.006552016,0.259265669,0.258162185,0.213796194,0.164093624,0.07593019,0.018611192,0.003588931,0.006552016,0.265817684,2,2,0,threatened,0.681018636,0.602707067,0.738826008
80742-wcs,897736-1,Euphorbia makallensis,Euphorbia,makallensis,Euphorbiaceae,correct,T,0,1,VU,T,1,confident,2322.5,1,42,10,0,absent,absent,absent,absent,0.367903253,0.250140454,0.007551513,0,0.37440478,0.020405301,0.091290846,0.445863905,0.377000656,0.065439292,0,0,0,0.006024317,0.082226087,0.224372893,0.362922774,0.291823914,0.029396067,0.003233948,0,0.006024317,6.480740698,3.16227766,0.08689944,threatened,0.677407459,0.609282885,0.736089842
457577-wcs,77102789-1,Euphorbia michaelii,Euphorbia,michaelii,Euphorbiaceae,correct,T,0,1,VU,T,1,confident,575,1,16,16,0,absent,absent,absent,absent,0.118248011,0.838664406,0,0,0.043087583,0.00330245,0.009777301,0.739146975,0.218924185,0.028849089,0,0,0.006552016,0.259265669,0.258162185,0.213796194,0.164093624,0.07593019,0.018611192,0.003588931,0.006552016,0.265817684,4,4,0,threatened,0.681018636,0.602707067,0.738826008
80940-wcs,347383-1,Euphorbia monacantha,Euphorbia,monacantha,Euphorbiaceae,correct,T,0,1,VU,T,1,confident,1500,3,58333,32,1,present,present,absent,present,0.12947779,0.766415753,0.005676956,0,0.098429502,0.01031776,0.029568673,0.711239528,0.22068665,0.028187389,0.000132297,0.001122361,0.057889298,0.230438476,0.243997092,0.206348819,0.159030324,0.076580475,0.018591256,0.005869602,0.059143956,0.289582432,241.5222557,5.656854249,0.075345575,threatened,0.512573962,0.435067207,0.590117232
81113-wcs,971503-1,Euphorbia nigrispinoides,Euphorbia,nigrispinoides,Euphorbiaceae,correct,T,0,1,EN,T,1,confident,1350,1,18,8,0,absent,absent,absent,absent,0.106125158,0.724259096,0,0,0.169615747,0.006419927,0.019884681,0.711662548,0.236233117,0.025799727,0,0,0.137293545,0.237275573,0.251895299,0.18876179,0.128359068,0.047075816,0.009141814,0.000197096,0.137293545,0.374569119,4.242640687,2.828427125,0,threatened,0.677797094,0.609282885,0.736089842
81220-wcs,906079-1,Euphorbia ogadenensis,Euphorbia,ogadenensis,Euphorbiaceae,correct,T,0,1,EN,T,1,confident,419,1,2550,8,0,absent,absent,absent,absent,0.118248011,0.838664406,0,0,0.043087583,0.00330245,0.009777301,0.739146975,0.218924185,0.028849089,0,0,0.006552016,0.259265669,0.258162185,0.213796194,0.164093624,0.07593019,0.018611192,0.003588931,0.006552016,0.265817684,50.49752469,2.828427125,0,threatened,0.677797094,0.609282885,0.736089842
81233-wcs,940016-1,Euphorbia omariana,Euphorbia,omariana,Euphorbiaceae,correct,T,0,1,EN,T,1,confident,1387.5,1,1100,16,1,present,absent,absent,present,0.106125158,0.724259096,0,0,0.169615747,0.006419927,0.019884681,0.711662548,0.236233117,0.025799727,0,0,0.137293545,0.237275573,0.251895299,0.18876179,0.128359068,0.047075816,0.009141814,0.000197096,0.137293545,0.374569119,33.1662479,4,0,threatened,0.677797094,0.609282885,0.736089842
457580-wcs,77102788-1,Euphorbia piceoides,Euphorbia,piceoides,Euphorbiaceae,correct,T,0,1,CR,T,1,confident,320,1,4,4,0,absent,absent,absent,absent,0.118248011,0.838664406,0,0,0.043087583,0.00330245,0.009777301,0.739146975,0.218924185,0.028849089,0,0,0.006552016,0.259265669,0.258162185,0.213796194,0.164093624,0.07593019,0.018611192,0.003588931,0.006552016,0.265817684,2,2,0,threatened,0.681018636,0.602707067,0.738826008
81531-wcs,347798-1,Euphorbia piscidermis,Euphorbia,piscidermis,Euphorbiaceae,correct,T,0,1,VU,T,1,confident,1025,1,27,6,0,absent,absent,absent,absent,0.118248011,0.838664406,0,0,0.043087583,0.00330245,0.009777301,0.739146975,0.218924185,0.028849089,0,0,0.006552016,0.259265669,0.258162185,0.213796194,0.164093624,0.07593019,0.018611192,0.003588931,0.006552016,0.265817684,5.196152423,2.449489743,0,threatened,0.665331938,0.580573147,0.732809329
81877-wcs,348035-1,Euphorbia repetita,Euphorbia,repetita,Euphorbiaceae,under,NT,1,0,VU,T,1,confident,2430,5,74000,24,1,present,present,absent,absent,0.27173764,0.200687694,0.001130033,0,0.526444633,0.041884593,0.095844895,0.295508788,0.331747762,0.235013962,0,0,0.010384921,0.017175418,0.050083404,0.179737497,0.203548029,0.332393037,0.166031828,0.040645866,0.010384921,0.027560339,272.0294102,4.898979486,0.033615964,under,0.346721808,0.276655627,0.411639944
81947-wcs,348096-1,Euphorbia rubella,Euphorbia,rubella,Euphorbiaceae,correct,T,0,1,EN,T,1,low_confidence,2025,1,20,20,0,absent,absent,absent,absent,0.118248011,0.838664406,0,0,0.043087583,0.00330245,0.009777301,0.739146975,0.218924185,0.028849089,0,0,0.006552016,0.259265669,0.258162185,0.213796194,0.164093624,0.07593019,0.018611192,0.003588931,0.006552016,0.265817684,4.472135955,4.472135955,0,threatened,0.493318846,0.429484393,0.571187041
82026-wcs,940015-1,Euphorbia sareciana,Euphorbia,sareciana,Euphorbiaceae,correct,T,0,1,VU,T,1,confident,1500,1,4,4,1,present,absent,absent,absent,0.106125158,0.724259096,0,0,0.169615747,0.006419927,0.019884681,0.711662548,0.236233117,0.025799727,0,0,0.137293545,0.237275573,0.251895299,0.18876179,0.128359068,0.047075816,0.009141814,0.000197096,0.137293545,0.374569119,2,2,0,threatened,0.677797094,0.609282885,0.736089842
457582-wcs,77102786-1,Euphorbia suborbicularis,Euphorbia,suborbicularis,Euphorbiaceae,correct,T,0,1,CR,T,1,confident,425,1,38,8,0,absent,absent,absent,absent,0.118248011,0.838664406,0,0,0.043087583,0.00330245,0.009777301,0.739146975,0.218924185,0.028849089,0,0,0.006552016,0.259265669,0.258162185,0.213796194,0.164093624,0.07593019,0.018611192,0.003588931,0.006552016,0.265817684,6.164414003,2.828427125,0,threatened,0.681018636,0.602707067,0.738826008
82657-wcs,940019-1,Euphorbia uniglans,Euphorbia,uniglans,Euphorbiaceae,correct,T,0,1,EN,T,1,confident,1425,2,75,20,1,present,absent,absent,absent,0.139760524,0.700260071,0.010875155,0,0.14910425,0.016748028,0.047709543,0.685659423,0.222302135,0.027580871,0.000253437,0.002150069,0.104897136,0.204042376,0.231026589,0.199529505,0.154394028,0.07717592,0.018573002,0.007957937,0.107300642,0.311343019,8.660254038,4.472135955,0.104284009,threatened,0.677797094,0.609282885,0.736089842
1085234-az,207381-1,Euryops antinorii,Euryops,antinorii,Asteraceae,over,T,2,0,NT,NT,0,confident,3187.5,4,10107,24,1,present,absent,absent,absent,0.197950542,0.386867142,0,0,0.415182317,0.026383385,0.067900751,0.473207421,0.283190263,0.14931818,0,0,0.064547373,0.113641621,0.13258757,0.160230634,0.151253064,0.204120728,0.137477302,0.036141708,0.064547373,0.178188994,100.5335765,4.898979486,0,over,0.586252953,0.518677954,0.65244556
1085798-az,207473-1,Euryops prostratus,Euryops,prostratus,Asteraceae,correct,T,0,1,VU,T,1,confident,3915,2,728,52,1,present,present,absent,absent,0.132257919,0.61431789,0,0,0.253424191,0.009057626,0.032870754,0.643961036,0.247724119,0.066386464,0,0,0.114406572,0.197723742,0.216520221,0.180237021,0.137165847,0.097230619,0.049690359,0.007025619,0.114406572,0.312130314,26.98147513,7.211102551,0,threatened,0.679586193,0.602277226,0.735234985
807722-az,284388-1,Farsetia ellenbeckii,Farsetia,ellenbeckii,Brassicaceae,correct,T,0,1,EN,T,1,confident,1150,1,1978,18,1,present,present,absent,absent,0.174789642,0.675266597,0.022200944,0,0.127742817,0.027529804,0.076756648,0.658514077,0.207759216,0.029440255,0.000517376,0.004389231,0.071158313,0.169432092,0.20929314,0.210743404,0.181507803,0.108523285,0.028394992,0.016040364,0.07606492,0.245497012,44.47471192,4.242640687,0.148999813,threatened,0.582526522,0.504840502,0.657843405
415243-wcs,981154-1,Festuca gilbertiana,Festuca,gilbertiana,Poaceae,correct,T,0,1,EN,T,1,confident,3240,1,13522.5,258,1,present,present,absent,absent,0.208939152,0.38674431,0,0,0.404316538,0.048637836,0.070832958,0.282465695,0.321789201,0.27627431,0,0,0.034972436,0.047454254,0.077413744,0.240801248,0.182840678,0.332216996,0.075856731,0.008443913,0.034972436,0.08242669,116.2862847,16.0623784,0,threatened,0.561888422,0.465263506,0.649746564
415621-wcs,403043-1,Festuca macrophylla,Festuca,macrophylla,Poaceae,under,NT,1,0,VU,T,1,confident,3550,5,58931,50,1,present,present,absent,absent,0.276791785,0.204633963,0,0,0.518574252,0.036914028,0.084355742,0.257755722,0.341090714,0.279883795,0,3.95E-09,0.02477067,0.039524799,0.055928495,0.158601935,0.161189772,0.328231111,0.188857617,0.042895598,0.024770674,0.064295472,242.7570802,7.071067812,0,under,0.243914196,0.168350763,0.329752849
245042-wcs,992817-1,Ficinia borealis,Ficinia,borealis,Cyperaceae,correct,T,0,1,CR,T,1,confident,2600,1,4,4,0,absent,absent,absent,absent,0.106125158,0.724259096,0,0,0.169615747,0.006419927,0.019884681,0.711662548,0.236233117,0.025799727,0,0,0.137293545,0.237275573,0.251895299,0.18876179,0.128359068,0.047075816,0.009141814,0.000197096,0.137293545,0.374569119,2,2,0,threatened,0.592293961,0.50619082,0.683911329
816310-az,495710-1,Galega somalensis,Galega,somalensis,Fabaceae,correct,T,0,1,EN,T,1,low_confidence,1600,1,8,8,0,absent,absent,absent,absent,0.174789642,0.675266597,0.022200944,0,0.127742817,0.027529804,0.076756648,0.658514077,0.207759216,0.029440255,0.000517376,0.004389231,0.071158313,0.169432092,0.20929314,0.210743404,0.181507803,0.108523285,0.028394992,0.016040364,0.07606492,0.245497012,2.828427125,2.828427125,0.148999813,threatened,0.482977705,0.400832541,0.572508754
85875-wcs,938931-1,Galium boreoaethiopicum,Galium,boreoaethiopicum,Rubiaceae,correct,T,0,1,EN,T,1,confident,2500,3,37442,264,0,absent,absent,absent,absent,0.261083308,0.278007303,0.00191709,0,0.458992298,0.052808159,0.098560684,0.340526762,0.338622835,0.16948156,0,0,0.017613547,0.028938984,0.074578092,0.249946741,0.253881195,0.310868389,0.058114159,0.006058893,0.017613547,0.046552531,193.499354,16.24807681,0.043784591,threatened,0.717251546,0.654016534,0.784330032
328231-wcs,991518-1,Gladiolus balensis,Gladiolus,balensis,Iridaceae,correct,T,0,1,EN,T,1,confident,2085,1,480,12,0,absent,absent,absent,absent,0.106125158,0.724259096,0,0,0.169615747,0.006419927,0.019884681,0.711662548,0.236233117,0.025799727,0,0,0.137293545,0.237275573,0.251895299,0.18876179,0.128359068,0.047075816,0.009141814,0.000197096,0.137293545,0.374569119,21.9089023,3.464101615,0,threatened,0.688431833,0.613172744,0.76675973
328290-wcs,991524-1,Gladiolus calcicola,Gladiolus,calcicola,Iridaceae,correct,T,0,1,EN,T,1,confident,1760,2,2707,18,0,absent,absent,absent,absent,0.1379539,0.781717003,0.007737473,0,0.072591624,0.011733834,0.033086846,0.711085845,0.215038654,0.029054821,0.000180316,0.001529735,0.029068602,0.227956871,0.241130346,0.212732236,0.170162813,0.087289535,0.022021042,0.007928505,0.030778652,0.258735524,52.02883816,4.242640687,0.087962906,threatened,0.688431833,0.613172744,0.76675973
328575-wcs,991530-1,Gladiolus lithicola,Gladiolus,lithicola,Iridaceae,correct,T,0,1,EN,T,1,confident,2425,1,39.5,30,0,absent,absent,absent,absent,0.118248011,0.838664406,0,0,0.043087583,0.00330245,0.009777301,0.739146975,0.218924185,0.028849089,0,0,0.006552016,0.259265669,0.258162185,0.213796194,0.164093624,0.07593019,0.018611192,0.003588931,0.006552016,0.265817684,6.284902545,5.477225575,0,threatened,0.688431833,0.613172744,0.76675973
328586-wcs,437601-1,Gladiolus longispathaceus,Gladiolus,longispathaceus,Iridaceae,correct,T,0,1,VU,T,1,confident,2700,1,6410,24,1,present,present,absent,absent,0.106125158,0.724259096,0,0,0.169615747,0.006419927,0.019884681,0.711662548,0.236233117,0.025799727,0,0,0.137293545,0.237275573,0.251895299,0.18876179,0.128359068,0.047075816,0.009141814,0.000197096,0.137293545,0.374569119,80.0624756,4.898979486,0,threatened,0.676011096,0.592079786,0.783250134
328676-wcs,991519-1,Gladiolus negeliensis,Gladiolus,negeliensis,Iridaceae,correct,T,0,1,EN,T,1,confident,1600,1,45,12,0,absent,absent,absent,absent,0.174789642,0.675266597,0.022200944,0,0.127742817,0.027529804,0.076756648,0.658514077,0.207759216,0.029440255,0.000517376,0.004389231,0.071158313,0.169432092,0.20929314,0.210743404,0.181507803,0.108523285,0.028394992,0.016040364,0.07606492,0.245497012,6.708203932,3.464101615,0.148999813,threatened,0.688431833,0.613172744,0.76675973
1238631-az,77194037-1,Gnidia elkerensis,Gnidia,elkerensis,Thymelaeaceae,correct,T,0,1,VU,T,1,confident,1200,1,300,77,0,absent,absent,absent,absent,0.106125158,0.724259096,0,0,0.169615747,0.006419927,0.019884681,0.711662548,0.236233117,0.025799727,0,0,0.137293545,0.237275573,0.251895299,0.18876179,0.128359068,0.047075816,0.009141814,0.000197096,0.137293545,0.374569119,17.32050808,8.774964387,0,threatened,0.809763628,0.750174436,0.865468283
836018-az,161277-1,Gymnosporia addat,Gymnosporia,addat,Celastraceae,correct,T,0,1,VU,T,1,confident,2600,4,59666,76,1,present,present,absent,present,0.153772735,0.634699435,0,0,0.21152783,0.009431255,0.031481677,0.614523772,0.247397089,0.097166207,0,0,0.041052581,0.193578671,0.200427983,0.175848952,0.146696785,0.134150255,0.085623492,0.022621282,0.041052581,0.234631252,244.2662482,8.717797887,0,threatened,0.544530579,0.453918125,0.652144849
836126-az,77074619-1,Gymnosporia harenensis,Gymnosporia,harenensis,Celastraceae,correct,T,0,1,EN,T,1,confident,2325,1,54,36,1,present,present,absent,absent,0.106125158,0.724259096,0,0,0.169615747,0.006419927,0.019884681,0.711662548,0.236233117,0.025799727,0,0,0.137293545,0.237275573,0.251895299,0.18876179,0.128359068,0.047075816,0.009141814,0.000197096,0.137293545,0.374569119,7.348469228,6,0,threatened,0.705514983,0.619564133,0.788750784
94139-wcs,987378-1,Habenaria aethiopica,Habenaria,aethiopica,Orchidaceae,over,T,2,0,NT,NT,0,confident,2125,5,92517.5,48,1,present,present,absent,absent,0.349077156,0.234437572,0,0,0.416485272,0.028138042,0.094504903,0.287467343,0.351941901,0.237947812,0,3.81E-09,0.034003255,0.072861346,0.079834613,0.144910852,0.151178687,0.28775391,0.188310665,0.041146669,0.034003259,0.106864604,304.166895,6.92820323,0,over,0.851730924,0.793670644,0.907255617
94493-wcs,987380-1,Habenaria decumbens,Habenaria,decumbens,Orchidaceae,correct,T,0,1,EN,T,1,confident,2250,2,3257,16,1,present,present,absent,absent,0.189979597,0.570002389,0.01837311,0,0.221644904,0.0266192,0.080396957,0.597527005,0.224583247,0.070873591,0.000428171,0.00363245,0.058889365,0.140221336,0.180050321,0.198136281,0.181452811,0.149803401,0.067014466,0.020371397,0.062949987,0.203171323,57.07013229,4,0.135547446,threatened,0.851730924,0.793670644,0.907255617
94608-wcs,987377-1,Habenaria excelsa,Habenaria,excelsa,Orchidaceae,correct,T,0,1,EN,T,1,confident,3325,3,32937,12,1,present,absent,absent,absent,0.22000094,0.426337259,0,0,0.353661801,0.012696977,0.04589291,0.446265567,0.301858891,0.193285655,0,4.12E-09,0.080287149,0.137025951,0.142511116,0.132723937,0.120616414,0.199253382,0.149473885,0.038108162,0.080287153,0.217313104,181.4855366,3.464101615,0,threatened,0.851730924,0.793670644,0.907255617
94698-wcs,987376-1,Habenaria gilbertii,Habenaria,gilbertii,Orchidaceae,correct,T,0,1,EN,T,1,confident,2100,1,50,8,0,absent,absent,absent,absent,0.29462982,0.097515346,0,0,0.607854834,0.027424948,0.090088648,0.207448975,0.327100758,0.347936671,0,0,8.26E-06,0.000371258,0.007121961,0.060471889,0.115582568,0.368127392,0.342553156,0.105763521,8.26E-06,0.000379513,7.071067812,2.828427125,0,threatened,0.851730924,0.793670644,0.907255617
95166-wcs,637732-1,Habenaria montolivaea,Habenaria,montolivaea,Orchidaceae,correct,T,0,1,VU,T,1,confident,1800,6,103385,60,1,present,present,absent,absent,0.246099771,0.346245336,0.00668017,0,0.400974723,0.034094721,0.082072743,0.378155727,0.301033874,0.204642934,0.000155697,0.001320879,0.038730365,0.078618535,0.102081385,0.174293162,0.167304192,0.262113192,0.140568692,0.034813901,0.040206941,0.118825476,321.5353791,7.745966692,0.08173231,threatened,0.648854293,0.571401311,0.739644944
95366-wcs,637912-1,Habenaria platyanthera,Habenaria,platyanthera,Orchidaceae,correct,T,0,1,EN,T,1,confident,2000,1,112689,18,0,absent,absent,absent,absent,0.208939152,0.38674431,0,0,0.404316538,0.048637836,0.070832958,0.282465695,0.321789201,0.27627431,0,0,0.034972436,0.047454254,0.077413744,0.240801248,0.182840678,0.332216996,0.075856731,0.008443913,0.034972436,0.08242669,335.691823,4.242640687,0,threatened,0.581348133,0.448150427,0.681858817
95502-wcs,638035-1,Habenaria rivae,Habenaria,rivae,Orchidaceae,correct,T,0,1,EN,T,1,confident,1950,3,69142,16,0,absent,absent,absent,absent,0.28074246,0.496911771,0.010517542,0,0.211828227,0.020522885,0.071816224,0.452093212,0.321004851,0.134562828,0.000245206,0.00208024,0.05805493,0.126469405,0.154479833,0.193937569,0.175218229,0.194108477,0.079942515,0.015463597,0.060380375,0.18684978,262.9486642,4,0.102555068,threatened,0.648858265,0.571401311,0.739644944
95700-wcs,638221-1,Habenaria taeniodema,Habenaria,taeniodema,Orchidaceae,correct,T,0,1,CR,T,1,confident,2300,1,4,4,0,absent,absent,absent,absent,0.29462982,0.097515346,0,0,0.607854834,0.027424948,0.090088648,0.207448975,0.327100758,0.347936671,0,0,8.26E-06,0.000371258,0.007121961,0.060471889,0.115582568,0.368127392,0.342553156,0.105763521,8.26E-06,0.000379513,2,2,0,threatened,0.844228498,0.794170433,0.901637366
95855-wcs,987379-1,Habenaria vollesenii,Habenaria,vollesenii,Orchidaceae,correct,T,0,1,EN,T,1,confident,1387.5,2,1092,12,1,present,present,absent,absent,0.139760524,0.700260071,0.010875155,0,0.14910425,0.016748028,0.047709543,0.685659423,0.222302135,0.027580871,0.000253437,0.002150069,0.104897136,0.204042376,0.231026589,0.199529505,0.154394028,0.07717592,0.018573002,0.007957937,0.107300642,0.311343019,33.04542328,3.464101615,0.104284009,threatened,0.851730924,0.793670644,0.907255617
1075775-az,211414-1,Haplocarpha hastata,Haplocarpha,hastata,Asteraceae,correct,T,0,1,VU,T,1,confident,2900,5,71427.5,52,1,present,present,absent,absent,0.158168305,0.643183832,0.004643204,0,0.194004659,0.013209519,0.040933307,0.623707214,0.239122263,0.083027697,0.000108206,0.000917983,0.047349028,0.188528548,0.202282081,0.183146933,0.153977316,0.128790517,0.073654469,0.02124492,0.048375217,0.236903765,267.2592374,7.211102551,0.068141062,threatened,0.635782624,0.56211416,0.699078499
1091075-az,212702-1,Helichrysum elephantinum,Helichrysum,elephantinum,Asteraceae,over,T,2,0,LC,NT,0,confident,2895,6,99683,3762,1,present,present,absent,absent,0.194195071,0.495011397,0.010381168,0,0.300412364,0.026002662,0.070237022,0.495604743,0.270689566,0.137466007,0.000228521,0.001274738,0.067389722,0.120052737,0.147421342,0.183845992,0.159431837,0.196192313,0.098090653,0.026072146,0.068892981,0.188945718,315.7261472,61.3351449,0.101888018,over,0.730205246,0.673610985,0.789567911
1091191-az,212812-1,Helichrysum gofense,Helichrysum,gofense,Asteraceae,over,T,2,0,LC,NT,0,confident,3825,3,21907,156,1,present,present,absent,absent,0.158365453,0.591057299,0.011392505,0,0.239184743,0.015378772,0.057498382,0.598934225,0.26640169,0.061786931,0.000232572,0.000342564,0.106305875,0.168068821,0.195140335,0.195887708,0.154495886,0.125150306,0.048407672,0.005968262,0.10688101,0.274949831,148.0101348,12.489996,0.106735676,over,0.730205246,0.673610985,0.789567911
1090872-az,973824-1,Helichrysum harennense,Helichrysum,harennense,Asteraceae,correct,T,0,1,EN,T,1,confident,3350,3,7428,452,1,present,present,absent,absent,0.18850168,0.435303425,0,0,0.376194895,0.015421829,0.052696523,0.492711369,0.275227804,0.163942474,0,0,0.074780309,0.129363108,0.143987069,0.138751754,0.129689647,0.19106615,0.151134668,0.041227294,0.074780309,0.204143417,86.18584571,21.26029163,0,threatened,0.741365544,0.684678701,0.792313375
1091224-az,983234-1,Helichrysum hedbergianum,Helichrysum,hedbergianum,Asteraceae,correct,T,0,1,VU,T,1,confident,2462.5,5,71122,44,1,present,present,absent,absent,0.301574268,0.230346273,0,0,0.468079459,0.035128277,0.089495851,0.281143116,0.322482372,0.271750384,0,3.75E-09,0.035992962,0.067509897,0.071150651,0.147331885,0.142566598,0.306967217,0.186685119,0.041795667,0.035992966,0.103502862,266.6870826,6.633249581,0,threatened,0.741365544,0.684678701,0.792313375
1091273-az,77181029-1,Helichrysum horridum,Helichrysum,horridum,Asteraceae,correct,NT,0,1,LC,NT,0,low_confidence,3450,3,25984,76,1,present,present,absent,absent,0.275555204,0.240767512,0.001489188,0,0.482188096,0.034328165,0.082800775,0.283878806,0.334885408,0.264106845,0,0,0.013685525,0.019906157,0.049432762,0.163343344,0.19067214,0.339030968,0.176458777,0.047470326,0.013685525,0.033591683,161.1955334,8.717797887,0.038589993,not_threatened,0.417858786,0.325952426,0.495535375
1091841-az,213305-1,Helichrysum sclerochlaenum,Helichrysum,sclerochlaenum,Asteraceae,correct,T,0,1,EN,T,1,confident,2825,2,19640,12,0,absent,absent,absent,absent,0.25287025,0.238465084,0,0,0.508664666,0.037756945,0.080709928,0.243986788,0.324513699,0.31303264,0,0,0.017047324,0.02331618,0.041377204,0.148351663,0.148359413,0.350627205,0.212584184,0.058336828,0.017047324,0.040363503,140.1427843,3.464101615,0,threatened,0.586261688,0.518677954,0.65244556
846871-az,434760-1,Herniaria abyssinica,Herniaria,abyssinica,Caryophyllaceae,correct,T,0,1,EN,T,1,confident,3600,1,17960,32,1,present,present,absent,absent,0.106125158,0.724259096,0,0,0.169615747,0.006419927,0.019884681,0.711662548,0.236233117,0.025799727,0,0,0.137293545,0.237275573,0.251895299,0.18876179,0.128359068,0.047075816,0.009141814,0.000197096,0.137293545,0.374569119,134.0149245,5.656854249,0,threatened,0.667494045,0.587897605,0.741699745
849605-az,560022-1,Hibiscus boranensis,Hibiscus,boranensis,Malvaceae,correct,T,0,1,VU,T,1,confident,1475,1,4015.5,30,1,present,absent,absent,absent,0.174789642,0.675266597,0.022200944,0,0.127742817,0.027529804,0.076756648,0.658514077,0.207759216,0.029440255,0.000517376,0.004389231,0.071158313,0.169432092,0.20929314,0.210743404,0.181507803,0.108523285,0.028394992,0.016040364,0.07606492,0.245497012,63.36797298,5.477225575,0.148999813,threatened,0.698248922,0.618747461,0.771150794
1076351-az,224935-1,Hirpicium beguinotii,Hirpicium,beguinotii,Asteraceae,correct,T,0,1,EN,T,1,confident,2015,1,588,20,1,present,present,absent,absent,0.174789642,0.675266597,0.022200944,0,0.127742817,0.027529804,0.076756648,0.658514077,0.207759216,0.029440255,0.000517376,0.004389231,0.071158313,0.169432092,0.20929314,0.210743404,0.181507803,0.108523285,0.028394992,0.016040364,0.07606492,0.245497012,24.24871131,4.472135955,0.148999813,threatened,0.713867301,0.642985045,0.774025765
99777-wcs,638950-1,Holothrix unifolia,Holothrix,unifolia,Orchidaceae,correct,T,0,1,VU,T,1,confident,2700,2,12466,28,1,present,absent,absent,absent,0.25287025,0.238465084,0,0,0.508664666,0.037756945,0.080709928,0.243986788,0.324513699,0.31303264,0,0,0.017047324,0.02331618,0.041377204,0.148351663,0.148359413,0.350627205,0.212584184,0.058336828,0.017047324,0.040363503,111.6512427,5.291502622,0,threatened,0.647816632,0.564779867,0.733731263
507299-wcs,98752-1,Huernia boleana,Huernia,boleana,Apocynaceae,correct,T,0,1,EN,T,1,confident,2050,1,2529,16,0,absent,absent,absent,absent,0.29462982,0.097515346,0,0,0.607854834,0.027424948,0.090088648,0.207448975,0.327100758,0.347936671,0,0,8.26E-06,0.000371258,0.007121961,0.060471889,0.115582568,0.368127392,0.342553156,0.105763521,8.26E-06,0.000379513,50.28916384,4,0,threatened,0.706411551,0.62123247,0.781693064
507322-wcs,77140147-1,Huernia delicata,Huernia,delicata,Apocynaceae,correct,T,0,1,VU,T,1,confident,1750,1,11095,36,1,present,absent,absent,present,0.118248011,0.838664406,0,0,0.043087583,0.00330245,0.009777301,0.739146975,0.218924185,0.028849089,0,0,0.006552016,0.259265669,0.258162185,0.213796194,0.164093624,0.07593019,0.018611192,0.003588931,0.006552016,0.265817684,105.3328059,6,0,threatened,0.724817963,0.649889188,0.791702663
855400-az,968646-1,Hybanthus puberulus,Hybanthus,puberulus,Violaceae,correct,T,0,1,EN,T,1,confident,1475,1,84,12,0,absent,absent,absent,absent,0.174789642,0.675266597,0.022200944,0,0.127742817,0.027529804,0.076756648,0.658514077,0.207759216,0.029440255,0.000517376,0.004389231,0.071158313,0.169432092,0.20929314,0.210743404,0.181507803,0.108523285,0.028394992,0.016040364,0.07606492,0.245497012,9.16515139,3.464101615,0.148999813,threatened,0.663738941,0.579894307,0.737691458
419712-wcs,405479-1,Hyparrhenia arrhenobasis,Hyparrhenia,arrhenobasis,Poaceae,correct,NT,0,1,LC,NT,0,confident,2500,10,281817,180,1,present,present,absent,absent,0.228291273,0.511682654,0.003084861,0,0.256941211,0.019814312,0.059102696,0.4966254,0.293576342,0.13088125,5.56E-05,8.18E-05,0.043021225,0.145144669,0.15912525,0.189851274,0.16790917,0.191354769,0.086319957,0.017136269,0.043158643,0.188303312,530.8643895,13.41640786,0.055541528,not_threatened,0.352141499,0.275127182,0.422652544
419726-wcs,979048-1,Hyparrhenia claytonii,Hyparrhenia,claytonii,Poaceae,correct,T,0,1,CR,T,1,confident,2100,1,4,4,0,absent,absent,absent,absent,0.29462982,0.097515346,0,0,0.607854834,0.027424948,0.090088648,0.207448975,0.327100758,0.347936671,0,0,8.26E-06,0.000371258,0.007121961,0.060471889,0.115582568,0.368127392,0.342553156,0.105763521,8.26E-06,0.000379513,2,2,0,threatened,0.661457339,0.591895243,0.738977336
419854-wcs,405600-1,Hyparrhenia tuberculata,Hyparrhenia,tuberculata,Poaceae,correct,T,0,1,VU,T,1,confident,2724,2,16927,44,1,present,absent,absent,absent,0.320305467,0.163920542,0,0,0.515773991,0.018228081,0.068810399,0.21240757,0.359685894,0.340868056,0,7.76E-09,0.030055836,0.048690771,0.046126998,0.083346058,0.113793958,0.333344985,0.273127803,0.071513582,0.030055844,0.078746615,130.1038047,6.633249581,0,threatened,0.649026118,0.573603367,0.723735321
863136-az,374320-1,Impatiens rothii,Impatiens,rothii,Balsaminaceae,over,T,2,0,LC,NT,0,low_confidence,2650,11,248852,180,1,present,present,absent,absent,0.215238646,0.52616145,0.002893843,0.000823367,0.254882695,0.024430725,0.065837494,0.523791121,0.270801561,0.115139099,0.000923723,0.004639021,0.05032359,0.153421153,0.16521563,0.19590847,0.161632008,0.173944956,0.077233587,0.016757862,0.055886334,0.209307487,498.8506791,13.41640786,0.053794449,over,0.457692184,0.382288679,0.536454109
863835-az,936694-1,Indigofera curvirostrata,Indigofera,curvirostrata,Fabaceae,correct,T,0,1,CR,T,1,confident,900,1,8,8,0,absent,absent,absent,absent,0.174789642,0.675266597,0.022200944,0,0.127742817,0.027529804,0.076756648,0.658514077,0.207759216,0.029440255,0.000517376,0.004389231,0.071158313,0.169432092,0.20929314,0.210743404,0.181507803,0.108523285,0.028394992,0.016040364,0.07606492,0.245497012,2.828427125,2.828427125,0.148999813,threatened,0.62272246,0.531338328,0.743135627
863865-az,499227-1,Indigofera dembianensis,Indigofera,dembianensis,Fabaceae,under,NT,1,0,EN,T,1,low_confidence,1750,3,23194,20,0,absent,absent,absent,absent,0.275555204,0.240767512,0.001489188,0,0.482188096,0.034328165,0.082800775,0.283878806,0.334885408,0.264106845,0,0,0.013685525,0.019906157,0.049432762,0.163343344,0.19067214,0.339030968,0.176458777,0.047470326,0.013685525,0.033591683,152.2957649,4.472135955,0.038589993,under,0.414139503,0.33461087,0.512359816
864374-az,900112-1,Indigofera mooneyi,Indigofera,mooneyi,Fabaceae,correct,T,0,1,EN,T,1,confident,1825,3,9393,20,0,absent,absent,absent,absent,0.259852957,0.408203234,0.010628391,0,0.321315418,0.035833159,0.100107136,0.474351506,0.249937558,0.13977064,0.000247686,0.002101283,0.048674619,0.118440474,0.132391201,0.159147731,0.152942002,0.204735342,0.138269956,0.043049705,0.051023589,0.169464063,96.91749068,4.472135955,0.103094089,threatened,0.648824318,0.569147551,0.747159726
864636-az,499930-1,Indigofera rothii,Indigofera,rothii,Fabaceae,under,NT,1,0,EN,T,1,low_confidence,2475,2,1202,28,1,present,absent,absent,absent,0.164393929,0.644761168,0,0,0.190844903,0.00961568,0.030796022,0.599993394,0.247235665,0.112359239,0,0,0.004840003,0.191532378,0.192483747,0.173682699,0.151401911,0.152376328,0.103362558,0.030320374,0.004840003,0.196372382,34.66987165,5.291502622,0,under,0.35696055,0.263015833,0.464285697
864738-az,500019-1,Indigofera sparsa,Indigofera,sparsa,Fabaceae,under,NT,1,0,EN,T,1,low_confidence,1550,3,139,8,0,absent,absent,absent,absent,0.313795128,0.368901208,0.001558423,0,0.315745241,0.032200338,0.082427266,0.32622151,0.379311982,0.179838904,0,0,0.024611571,0.046769649,0.092163988,0.236002209,0.23452671,0.29443862,0.065985361,0.005501893,0.024611571,0.07138122,11.78982612,2.828427125,0.039476868,under,0.383296253,0.296929497,0.466208066
1114139-az,225749-1,Inula arbuscula,Inula,arbuscula,Asteraceae,under,NT,1,0,VU,T,1,low_confidence,3400,4,35722,264,1,present,present,absent,absent,0.195443069,0.412292048,0,0,0.392264884,0.032018741,0.066236713,0.440959735,0.290660487,0.170124325,0,0,0.062585509,0.106815158,0.126753092,0.181257254,0.156430599,0.223345039,0.113682386,0.029130963,0.062585509,0.169400667,189.0026455,16.24807681,0,under,0.385698712,0.314478729,0.447913893
482618-wcs,902267-1,Ipomoea sidamensis,Ipomoea,sidamensis,Convolvulaceae,correct,T,0,1,EN,T,1,confident,1500,1,585,16,1,present,present,absent,absent,0.174789642,0.675266597,0.022200944,0,0.127742817,0.027529804,0.076756648,0.658514077,0.207759216,0.029440255,0.000517376,0.004389231,0.071158313,0.169432092,0.20929314,0.210743404,0.181507803,0.108523285,0.028394992,0.016040364,0.07606492,0.245497012,24.18677324,4,0.148999813,threatened,0.664585134,0.589839572,0.73924826
482638-wcs,1002013-1,Ipomoea sofomarensis,Ipomoea,sofomarensis,Convolvulaceae,correct,T,0,1,CR,T,1,confident,1400,1,4,4,1,present,absent,absent,present,0.106125158,0.724259096,0,0,0.169615747,0.006419927,0.019884681,0.711662548,0.236233117,0.025799727,0,0,0.137293545,0.237275573,0.251895299,0.18876179,0.128359068,0.047075816,0.009141814,0.000197096,0.137293545,0.374569119,2,2,0,threatened,0.664585134,0.589839572,0.73924826
867293-az,50103-1,Isoglossa parvifolia,Isoglossa,parvifolia,Acanthaceae,over,T,2,0,NT,NT,0,low_confidence,1235,3,61807,64,1,present,present,absent,present,0.12947779,0.766415753,0.005676956,0,0.098429502,0.01031776,0.029568673,0.711239528,0.22068665,0.028187389,0.000132297,0.001122361,0.057889298,0.230438476,0.243997092,0.206348819,0.159030324,0.076580475,0.018591256,0.005869602,0.059143956,0.289582432,248.6101366,8,0.075345575,over,0.460820066,0.389972639,0.531571013
250435-wcs,309457-1,Isolepis omissa,Isolepis,omissa,Cyperaceae,correct,T,0,1,EN,T,1,confident,3600,2,201,12,1,present,absent,absent,present,0.144862328,0.597093841,0,0,0.258043831,0.022318951,0.039071512,0.550029454,0.268453052,0.120127031,0,0,0.098742079,0.165756702,0.186155982,0.208368667,0.148886073,0.154508297,0.034277955,0.003304244,0.098742079,0.264498781,14.17744688,3.464101615,0,threatened,0.579062178,0.484266221,0.683541887
104668-wcs,959515-1,Jatropha horizontalis,Jatropha,horizontalis,Euphorbiaceae,correct,T,0,1,VU,T,1,confident,1385,1,1622,28,1,present,present,absent,absent,0.174789642,0.675266597,0.022200944,0,0.127742817,0.027529804,0.076756648,0.658514077,0.207759216,0.029440255,0.000517376,0.004389231,0.071158313,0.169432092,0.20929314,0.210743404,0.181507803,0.108523285,0.028394992,0.016040364,0.07606492,0.245497012,40.27406113,5.291502622,0.148999813,threatened,0.677797094,0.609282885,0.736089842
330997-az,50601-1,Justicia dallarii,Justicia,dallarii,Acanthaceae,over,T,2,0,LC,NT,0,confident,1800,4,48011,28,1,present,absent,absent,absent,0.251655845,0.551916052,0.017184441,0.002704687,0.176538976,0.031090362,0.105835881,0.530568602,0.274891949,0.057613206,0.003190928,0.015468649,0.07156638,0.125502109,0.156986817,0.231080284,0.186445043,0.16318402,0.038537518,0.00803825,0.090225957,0.215728066,219.1141255,5.291502622,0.131089437,over,0.612558097,0.542743508,0.688360729
330124-az,51567-1,Justicia schoensis,Justicia,schoensis,Acanthaceae,correct,T,0,1,VU,T,1,confident,2400,3,10151,76,0,absent,absent,absent,absent,0.18850168,0.435303425,0,0,0.376194895,0.015421829,0.052696523,0.492711369,0.275227804,0.163942474,0,0,0.074780309,0.129363108,0.143987069,0.138751754,0.129689647,0.19106615,0.151134668,0.041227294,0.074780309,0.204143417,100.7521712,8.717797887,0,threatened,0.559917978,0.475894692,0.630160785
1016673-az,60474135-2,Kalanchoe hypseloleuce,Kalanchoe,hypseloleuce,Crassulaceae,correct,T,0,1,VU,T,1,confident,1375,2,23378,38,1,present,present,absent,present,0.11391052,0.797730815,0,0,0.088358665,0.004417969,0.013394002,0.729312286,0.2251178,0.027757943,0,0,0.053330617,0.251397733,0.255919927,0.204839022,0.151307996,0.065606253,0.0152231,0.002375351,0.053330617,0.30472835,152.8986592,6.164414003,0,threatened,0.669506157,0.5952819,0.764196524
336022-az,274452-1,Kalanchoe quartiniana,Kalanchoe,quartiniana,Crassulaceae,under,NT,1,0,EN,T,1,confident,2150,3,32900,12,1,present,present,absent,absent,0.275555204,0.240767512,0.001489188,0,0.482188096,0.034328165,0.082800775,0.283878806,0.334885408,0.264106845,0,0,0.013685525,0.019906157,0.049432762,0.163343344,0.19067214,0.339030968,0.176458777,0.047470326,0.013685525,0.033591683,181.3835715,3.464101615,0.038589993,under,0.30578871,0.238953198,0.380554255
507589-wcs,931015-1,Kanahia carlsbergiana,Kanahia,carlsbergiana,Apocynaceae,correct,T,0,1,EN,T,1,confident,1600,2,2342,16,1,present,present,absent,absent,0.132257919,0.61431789,0,0,0.253424191,0.009057626,0.032870754,0.643961036,0.247724119,0.066386464,0,0,0.114406572,0.197723742,0.216520221,0.180237021,0.137165847,0.097230619,0.049690359,0.007025619,0.114406572,0.312130314,48.39421453,4,0,threatened,0.718275489,0.649427692,0.783091366
1083688-az,320659-2,Kleinia isabellae,Kleinia,isabellae,Asteraceae,correct,T,0,1,CR,T,1,confident,400,1,4,4,0,absent,absent,absent,absent,0.118248011,0.838664406,0,0,0.043087583,0.00330245,0.009777301,0.739146975,0.218924185,0.028849089,0,0,0.006552016,0.259265669,0.258162185,0.213796194,0.164093624,0.07593019,0.018611192,0.003588931,0.006552016,0.265817684,2,2,0,threatened,0.741528696,0.684678701,0.792313375
1083732-az,70028619-1,Kleinia ogadensis,Kleinia,ogadensis,Asteraceae,correct,T,0,1,EN,T,1,confident,1155.5,1,26.5,8,0,absent,absent,absent,absent,0.118248011,0.838664406,0,0,0.043087583,0.00330245,0.009777301,0.739146975,0.218924185,0.028849089,0,0,0.006552016,0.259265669,0.258162185,0.213796194,0.164093624,0.07593019,0.018611192,0.003588931,0.006552016,0.265817684,5.14781507,2.828427125,0,threatened,0.741528696,0.684678701,0.792313375
279639-wcs,537025-1,Kniphofia foliosa,Kniphofia,foliosa,Asphodelaceae,correct,NT,0,1,LC,NT,0,confident,3200,9,255227,216,1,present,present,absent,absent,0.226702995,0.512214017,0.000382484,0,0.260700503,0.018781837,0.054271812,0.500333973,0.291250981,0.135361398,0,1.46E-09,0.041357903,0.149872673,0.161524095,0.186416292,0.165147034,0.189215668,0.088540416,0.017925917,0.041357905,0.191230578,505.1999604,14.69693846,0.019557194,not_threatened,0.290672809,0.221819909,0.353454627
279648-wcs,537031-1,Kniphofia hildebrandtii,Kniphofia,hildebrandtii,Asphodelaceae,correct,T,0,1,EN,T,1,confident,2225,1,407,16,1,present,absent,absent,absent,0.29462982,0.097515346,0,0,0.607854834,0.027424948,0.090088648,0.207448975,0.327100758,0.347936671,0,0,8.26E-06,0.000371258,0.007121961,0.060471889,0.115582568,0.368127392,0.342553156,0.105763521,8.26E-06,0.000379513,20.174241,4,0,threatened,0.63246271,0.555089009,0.714581836
279729-wcs,537037-1,Kniphofia insignis,Kniphofia,insignis,Asphodelaceae,under,NT,1,0,VU,T,1,low_confidence,2650,4,83280,36,0,absent,absent,absent,absent,0.200775394,0.544483889,0,0,0.254740716,0.009925673,0.036810272,0.520411874,0.275482665,0.157369517,0,2.81E-09,0.014655732,0.166340416,0.167313878,0.161626159,0.146947607,0.186655221,0.125841106,0.030619878,0.014655735,0.180996151,288.5827438,6,0,under,0.384801944,0.325266656,0.46122847
279728-wcs,537038-1,Kniphofia isoetifolia,Kniphofia,isoetifolia,Asphodelaceae,correct,NT,0,1,LC,NT,0,confident,2850,8,388285,120,1,present,present,absent,absent,0.227747403,0.448163834,0.004522922,0.001286878,0.318278963,0.028498222,0.078241723,0.478345868,0.266126369,0.148787819,0.001443694,0.007250362,0.072932893,0.131973759,0.14252537,0.17797234,0.145838225,0.194507637,0.1014136,0.024142121,0.081626949,0.213600708,623.1251881,10.95445115,0.067252675,not_threatened,0.290672809,0.221819909,0.353454627
106269-wcs,754746-1,Kohautia platyphylla,Kohautia,platyphylla,Rubiaceae,correct,NT,0,1,LC,NT,0,low_confidence,2150,6,108554,104,1,present,present,absent,absent,0.255196436,0.406159316,0.013194044,0.002076632,0.323373573,0.036867426,0.113977564,0.477605459,0.249449547,0.122100004,0.002449583,0.011874833,0.059770507,0.10878979,0.123362525,0.18079846,0.15806982,0.204408329,0.117895423,0.03258073,0.074094922,0.182884712,329.4753405,10.19803903,0.114865328,not_threatened,0.384795711,0.299295395,0.472027103
308185-wcs,431829-1,Lagarosiphon steudneri,Lagarosiphon,steudneri,Hydrocharitaceae,correct,T,0,1,VU,T,1,low_confidence,25,2,16909,44,0,absent,absent,absent,absent,0.34264295,0.246577783,0,0,0.410779267,0.024410732,0.090055245,0.254961516,0.381174354,0.249398153,0,0,0.012631286,0.032216325,0.057132019,0.143731512,0.165088939,0.31507456,0.216518043,0.057607315,0.012631286,0.044847611,130.0346108,6.633249581,0,threatened,0.469699579,0.379630589,0.566391156
280997-wcs,988678-1,Ledebouria urceolata,Ledebouria,urceolata,Asparagaceae,correct,T,0,1,VU,T,1,confident,2600,3,18934,24,0,absent,absent,absent,absent,0.22000094,0.426337259,0,0,0.353661801,0.012696977,0.04589291,0.446265567,0.301858891,0.193285655,0,4.12E-09,0.080287149,0.137025951,0.142511116,0.132723937,0.120616414,0.199253382,0.149473885,0.038108162,0.080287153,0.217313104,137.6008721,4.898979486,0,threatened,0.696388035,0.631264174,0.756555136
111618-wcs,449302-1,Leucas aequistylosa,Leucas,aequistylosa,Lamiaceae,correct,T,0,1,VU,T,1,confident,1737.5,2,855,12,1,present,present,absent,absent,0.193046101,0.590681978,0,0,0.21627192,0.024398799,0.063567853,0.638091867,0.234045291,0.03989619,0,0,0.118187508,0.22128451,0.221307684,0.18953164,0.132898237,0.084702889,0.029336752,0.00275078,0.118187508,0.339472018,29.24038303,3.464101615,0,threatened,0.665802005,0.575116743,0.739390657
532302-wcs,60477040-2,Leucas gypsicola,Leucas,gypsicola,Lamiaceae,correct,T,0,1,CR,T,1,confident,950,1,4,4,0,absent,absent,absent,absent,0.106125158,0.724259096,0,0,0.169615747,0.006419927,0.019884681,0.711662548,0.236233117,0.025799727,0,0,0.137293545,0.237275573,0.251895299,0.18876179,0.128359068,0.047075816,0.009141814,0.000197096,0.137293545,0.374569119,2,2,0,threatened,0.721307545,0.647273577,0.792759679
111886-wcs,449498-1,Leucas stachydiformis,Leucas,stachydiformis,Lamiaceae,correct,NT,0,1,LC,NT,0,low_confidence,2450,7,268731,292,1,present,present,absent,present,0.186212976,0.534457079,0,0,0.279329944,0.01884221,0.044892259,0.519999353,0.276595465,0.139670713,0,1.75E-09,0.040654287,0.157357951,0.167153748,0.184316695,0.155694021,0.182172272,0.092290765,0.020360259,0.040654289,0.198012239,518.3927083,17.08800749,0,not_threatened,0.385936517,0.308428792,0.450876881
498913-az,987875-1,Lindenbergia awashensis,Lindenbergia,awashensis,Orobanchaceae,correct,T,0,1,EN,T,1,confident,1050,3,666,52,1,present,absent,present,present,0.152882471,0.279551151,0.26814112,0,0.299425258,0.012645541,0.048053422,0.602765464,0.177984107,0.158551466,6.75E-06,0.000164313,0.035778307,0.054795748,0.225523812,0.174179077,0.116744326,0.194164538,0.155225376,0.043417757,0.035949365,0.090745113,25.8069758,7.211102551,0.517823445,threatened,0.712145725,0.649731689,0.777466816
112611-wcs,640689-1,Liparis abyssinica,Liparis,abyssinica,Orchidaceae,correct,T,0,1,EN,T,1,low_confidence,2150,2,134,8,0,absent,absent,absent,absent,0.389339939,0.258380346,0.003221747,0,0.349057968,0.047859024,0.136571413,0.452912204,0.292106656,0.070550702,0,0,0.041015096,0.107058508,0.119146342,0.205474001,0.237390039,0.225747879,0.057635938,0.006532197,0.041015096,0.148073604,11.5758369,2.828427125,0.056760437,threatened,0.436031706,0.332486021,0.522712416
352354-wcs,971848-1,Lobelia acrochila,Lobelia,acrochila,Campanulaceae,over,T,2,0,NT,NT,0,confident,2950,5,23372,64,1,present,present,absent,present,0.158168305,0.643183832,0.004643204,0,0.194004659,0.013209519,0.040933307,0.623707214,0.239122263,0.083027697,0.000108206,0.000917983,0.047349028,0.188528548,0.202282081,0.183146933,0.153977316,0.128790517,0.073654469,0.02124492,0.048375217,0.236903765,152.8790372,8,0.068141062,over,0.699112328,0.61135659,0.787399431
353459-wcs,143242-1,Lobelia erlangeriana,Lobelia,erlangeriana,Campanulaceae,over,T,2,0,NT,NT,0,confident,3650,5,17096,88,1,present,present,absent,present,0.191326838,0.516073082,0.012400664,0,0.280199416,0.021597534,0.070121045,0.537084639,0.260744849,0.110451933,0.000272972,0.001522693,0.073695349,0.134174183,0.161038824,0.172767377,0.154878482,0.169733561,0.102415469,0.02950109,0.075491013,0.209665197,130.751673,9.38083152,0.111358268,over,0.579103148,0.481065716,0.666351919
352921-wcs,143774-1,Lobelia rhynchopetalum,Lobelia,rhynchopetalum,Campanulaceae,under,NT,1,0,CR,T,1,low_confidence,3675,7,121495.5,182,1,present,present,absent,absent,0.186212976,0.534457079,0,0,0.279329944,0.01884221,0.044892259,0.519999353,0.276595465,0.139670713,0,1.75E-09,0.040654287,0.157357951,0.167153748,0.184316695,0.155694021,0.182172272,0.092290765,0.020360259,0.040654289,0.198012239,348.5620461,13.49073756,0,under,0.389386803,0.301411211,0.479583376
352884-wcs,143824-1,Lobelia scebelii,Lobelia,scebelii,Campanulaceae,over,T,2,0,LC,NT,0,confident,2350,4,33174,116,1,present,present,absent,absent,0.183793051,0.517705291,0.007623667,0,0.290877991,0.019573083,0.060945606,0.549557303,0.252096005,0.117828003,0.000177664,0.001507235,0.073536538,0.143122549,0.166412769,0.163473241,0.147483681,0.162721442,0.108986624,0.032578259,0.075221437,0.218343985,182.1373108,10.77032961,0.087313611,over,0.656960358,0.577343746,0.737821061
352881-wcs,143827-1,Lobelia schimperi,Lobelia,schimperi,Campanulaceae,under,NT,1,0,VU,T,1,low_confidence,3100,1,457,32,1,present,present,absent,absent,0.208939152,0.38674431,0,0,0.404316538,0.048637836,0.070832958,0.282465695,0.321789201,0.27627431,0,0,0.034972436,0.047454254,0.077413744,0.240801248,0.182840678,0.332216996,0.075856731,0.008443913,0.034972436,0.08242669,21.37755833,5.656854249,0,under,0.421510376,0.310739204,0.519893434
352368-wcs,960257-1,Lobelia tripartita,Lobelia,tripartita,Campanulaceae,correct,T,0,1,CR,T,1,confident,2200,1,8,8,1,present,present,absent,absent,0.106125158,0.724259096,0,0,0.169615747,0.006419927,0.019884681,0.711662548,0.236233117,0.025799727,0,0,0.137293545,0.237275573,0.251895299,0.18876179,0.128359068,0.047075816,0.009141814,0.000197096,0.137293545,0.374569119,2.828427125,2.828427125,0,threatened,0.731125499,0.655870254,0.80475779
371094-az,147660-1,Maerua boranensis,Maerua,boranensis,Capparaceae,correct,T,0,1,EN,T,1,confident,1075,1,14591,16,1,present,present,absent,absent,0.174789642,0.675266597,0.022200944,0,0.127742817,0.027529804,0.076756648,0.658514077,0.207759216,0.029440255,0.000517376,0.004389231,0.071158313,0.169432092,0.20929314,0.210743404,0.181507803,0.108523285,0.028394992,0.016040364,0.07606492,0.245497012,120.7932117,4,0.148999813,threatened,0.654917279,0.58945692,0.725759123
900155-az,77108935-1,Malva aethiopica,Malva,aethiopica,Malvaceae,correct,T,0,1,VU,T,1,confident,2662.5,3,51643,32,1,present,present,absent,absent,0.151149404,0.729584517,0,0,0.119266079,0.012580581,0.033434276,0.694703146,0.225574417,0.033707581,0,0,0.055657056,0.242558918,0.241951016,0.203122959,0.150371727,0.079789032,0.023329038,0.003220254,0.055657056,0.298215974,227.2509626,5.656854249,0,threatened,0.684239399,0.593390185,0.782306254
506587-az,824322-1,Melhania beguinotii,Melhania,beguinotii,Malvaceae,correct,T,0,1,EN,T,1,confident,1425,1,3641,36,1,present,present,absent,absent,0.174789642,0.675266597,0.022200944,0,0.127742817,0.027529804,0.076756648,0.658514077,0.207759216,0.029440255,0.000517376,0.004389231,0.071158313,0.169432092,0.20929314,0.210743404,0.181507803,0.108523285,0.028394992,0.016040364,0.07606492,0.245497012,60.34069937,6,0.148999813,threatened,0.684239399,0.593390185,0.782306254
508139-az,824401-1,Melhania somalensis,Melhania,somalensis,Malvaceae,correct,T,0,1,EN,T,1,low_confidence,1400,1,26,8,1,present,absent,absent,present,0.106125158,0.724259096,0,0,0.169615747,0.006419927,0.019884681,0.711662548,0.236233117,0.025799727,0,0,0.137293545,0.237275573,0.251895299,0.18876179,0.128359068,0.047075816,0.009141814,0.000197096,0.137293545,0.374569119,5.099019514,2.828427125,0,threatened,0.479072917,0.385374422,0.566426273
508140-az,824412-1,Melhania zavattarii,Melhania,zavattarii,Malvaceae,correct,T,0,1,EN,T,1,confident,1700,2,4773,28,0,absent,absent,absent,absent,0.139760524,0.700260071,0.010875155,0,0.14910425,0.016748028,0.047709543,0.685659423,0.222302135,0.027580871,0.000253437,0.002150069,0.104897136,0.204042376,0.231026589,0.199529505,0.154394028,0.07717592,0.018573002,0.007957937,0.107300642,0.311343019,69.0869018,5.291502622,0.104284009,threatened,0.647321513,0.547816749,0.731363448
479304-wcs,270516-1,Merremia gallabatensis,Merremia,gallabatensis,Convolvulaceae,under,NT,1,0,EN,T,1,low_confidence,800,3,12,12,0,absent,absent,absent,absent,0.315645055,0.354582714,0,0,0.329772231,0.026678016,0.068624473,0.272204398,0.38629229,0.246200824,0,5.27E-09,0.042168189,0.073174317,0.095077745,0.201237808,0.174361386,0.293292877,0.108096244,0.012591429,0.042168194,0.115342512,3.464101615,3.464101615,0,under,0.399953705,0.325403422,0.470533097
479154-wcs,20003257-1,Merremia warderensis,Merremia,warderensis,Convolvulaceae,correct,T,0,1,CR,T,1,confident,460,1,4,4,0,absent,absent,absent,absent,0.118248011,0.838664406,0,0,0.043087583,0.00330245,0.009777301,0.739146975,0.218924185,0.028849089,0,0,0.006552016,0.259265669,0.258162185,0.213796194,0.164093624,0.07593019,0.018611192,0.003588931,0.006552016,0.265817684,2,2,0,threatened,0.646949861,0.575212776,0.735683865
467466-wcs,77111488-1,Merxmuellera grandiflora,Merxmuellera,grandiflora,Poaceae,correct,NT,0,1,LC,NT,0,confident,3760,1,4,4,1,present,present,absent,absent,0.208939152,0.38674431,0,0,0.404316538,0.048637836,0.070832958,0.282465695,0.321789201,0.27627431,0,0,0.034972436,0.047454254,0.077413744,0.240801248,0.182840678,0.332216996,0.075856731,0.008443913,0.034972436,0.08242669,2,2,0,not_threatened,0.332056917,0.23356098,0.408544142
367496-az,969532-1,Microcharis cana,Microcharis,cana,Fabaceae,correct,T,0,1,EN,T,1,confident,1500,1,8,8,1,present,absent,absent,present,0.257552119,0.081340495,0,0,0.661107386,0.095366241,0.163583428,0.350465901,0.333299311,0.057285119,0,0,0,0.014473539,0.060681751,0.295715227,0.287270901,0.286466469,0.051329291,0.004062822,0,0.014473539,2.828427125,2.828427125,0,threatened,0.650029178,0.577024069,0.731481272
1086667-az,233330-1,Mikaniopsis clematoides,Mikaniopsis,clematoides,Asteraceae,correct,NT,0,1,LC,NT,0,low_confidence,2650,8,361007,220,1,present,present,absent,present,0.209056566,0.527863264,0,0,0.26308017,0.023866778,0.059156212,0.520935755,0.278748802,0.117292452,0,0,0.039012588,0.154265412,0.166535387,0.19679639,0.165517064,0.179630732,0.081136181,0.017106245,0.039012588,0.193278001,600.8385807,14.83239697,0,not_threatened,0.417839702,0.325952426,0.495535375
367790-az,507366-1,Millettia ferruginea,Millettia,ferruginea,Fabaceae,correct,NT,0,1,LC,NT,0,confident,2007.5,11,432947,260,1,present,present,absent,absent,0.220350123,0.543509468,0.005451204,0.000809628,0.229879577,0.022197808,0.065813963,0.529098404,0.274592199,0.108297627,0.000955204,0.004630543,0.052607581,0.152779766,0.167073903,0.197251132,0.166895555,0.172163616,0.070211728,0.015430972,0.058193328,0.210973094,657.9870819,16.1245155,0.073832269,not_threatened,0.307670701,0.244990751,0.376217602
1002716-az,77146121-1,Mucuna mooneyi,Mucuna,mooneyi,Fabaceae,correct,T,0,1,VU,T,1,confident,1985,3,22203,24,1,present,present,absent,absent,0.179171152,0.676485831,0,0,0.144343016,0.015948366,0.044428173,0.655258394,0.227762669,0.056602397,0,0,0.017074662,0.224576772,0.220987338,0.203646182,0.162090515,0.115704134,0.048286325,0.007634072,0.017074662,0.241651434,149.0067113,4.898979486,0,threatened,0.657245665,0.568477604,0.756111315
136884-wcs,452935-1,Ocimum ellenbeckii,Ocimum,ellenbeckii,Lamiaceae,correct,T,0,1,EN,T,1,confident,1300,2,8,8,0,absent,absent,absent,absent,0.221311512,0.572851945,0.018671835,0,0.187164707,0.025807319,0.080270568,0.607101837,0.248676566,0.038143709,0.000392738,0.003331847,0.05401598,0.130066481,0.178682159,0.214026804,0.225211422,0.152681167,0.028636155,0.012955246,0.057740565,0.187807046,2.828427125,2.828427125,0.136644925,threatened,0.553887152,0.474879454,0.641696816
136907-wcs,452955-1,Ocimum formosum,Ocimum,formosum,Lamiaceae,correct,T,0,1,EN,T,1,confident,1725,2,18646,14,1,present,present,absent,present,0.139760524,0.700260071,0.010875155,0,0.14910425,0.016748028,0.047709543,0.685659423,0.222302135,0.027580871,0.000253437,0.002150069,0.104897136,0.204042376,0.231026589,0.199529505,0.154394028,0.07717592,0.018573002,0.007957937,0.107300642,0.311343019,136.550357,3.741657387,0.104284009,threatened,0.553887152,0.474879454,0.641696816
509307-wcs,20009806-1,Orbea circes,Orbea,circes,Apocynaceae,correct,T,0,1,EN,T,1,confident,1125,1,8,8,1,present,present,absent,absent,0.174789642,0.675266597,0.022200944,0,0.127742817,0.027529804,0.076756648,0.658514077,0.207759216,0.029440255,0.000517376,0.004389231,0.071158313,0.169432092,0.20929314,0.210743404,0.181507803,0.108523285,0.028394992,0.016040364,0.07606492,0.245497012,2.828427125,2.828427125,0.148999813,threatened,0.717906227,0.649427692,0.783091366
509330-wcs,20009804-1,Orbea gilbertii,Orbea,gilbertii,Apocynaceae,correct,T,0,1,CR,T,1,confident,1850,1,4,4,0,absent,absent,absent,absent,0.367903253,0.250140454,0.007551513,0,0.37440478,0.020405301,0.091290846,0.445863905,0.377000656,0.065439292,0,0,0,0.006024317,0.082226087,0.224372893,0.362922774,0.291823914,0.029396067,0.003233948,0,0.006024317,2,2,0.08689944,threatened,0.718275489,0.649427692,0.783091366
390017-az,911010-1,Oreoschimperella verrucosa,Oreoschimperella,verrucosa,Apiaceae,correct,NT,0,1,LC,NT,0,low_confidence,2850,10,402454,220,1,present,present,absent,absent,0.237701691,0.502222645,0.003701889,0.000950655,0.255423121,0.023816643,0.069792301,0.49851741,0.278452792,0.129420855,0.001066545,0.005356283,0.036582813,0.139575422,0.152433434,0.193834533,0.170730453,0.194329231,0.086804201,0.019287086,0.043005641,0.182581062,634.3926229,14.83239697,0.060843147,not_threatened,0.349898606,0.261175859,0.43659336
144347-wcs,453495-1,Orthosiphon grandiflorus,Orthosiphon,grandiflorus,Lamiaceae,correct,T,0,1,EN,T,1,low_confidence,350,1,8,8,0,absent,absent,absent,absent,0.118248011,0.838664406,0,0,0.043087583,0.00330245,0.009777301,0.739146975,0.218924185,0.028849089,0,0,0.006552016,0.259265669,0.258162185,0.213796194,0.164093624,0.07593019,0.018611192,0.003588931,0.006552016,0.265817684,2.828427125,2.828427125,0,threatened,0.454763678,0.382477051,0.536629169
428143-wcs,959632-1,Panicum dorsense,Panicum,dorsense,Poaceae,correct,T,0,1,CR,T,1,confident,2150,2,4,4,0,absent,absent,absent,absent,0.195405981,0.632693469,0.030305534,0,0.141595017,0.03053993,0.095351681,0.601336953,0.239773588,0.032997848,0.000667006,0.003720697,0.07212921,0.14111896,0.185652997,0.221868858,0.191238513,0.138940014,0.032089407,0.012574339,0.076516913,0.217635874,2,2,0.174084846,threatened,0.641504102,0.555245528,0.711586575
430173-wcs,412994-1,Panicum ruspolii,Panicum,ruspolii,Poaceae,correct,NT,0,1,LC,NT,0,low_confidence,1600,3,58199,72,1,present,present,absent,present,0.156103062,0.673002197,0.016964528,0,0.153930213,0.019904987,0.062076921,0.649981495,0.238212531,0.029824067,0.00037342,0.002083016,0.100811576,0.183442712,0.214809834,0.207296638,0.163561851,0.098505588,0.021988924,0.007126441,0.103268012,0.286710724,241.2446891,8.485281374,0.13024795,not_threatened,0.397774402,0.333182526,0.477751719
529369-az,435000-1,Paronychia bryoides,Paronychia,bryoides,Caryophyllaceae,under,NT,1,0,EN,T,1,low_confidence,4111.5,1,25,20,1,present,present,absent,absent,0.208939152,0.38674431,0,0,0.404316538,0.048637836,0.070832958,0.282465695,0.321789201,0.27627431,0,0,0.034972436,0.047454254,0.077413744,0.240801248,0.182840678,0.332216996,0.075856731,0.008443913,0.034972436,0.08242669,5,4.472135955,0,under,0.367443038,0.283225291,0.468389821
533234-az,375763-1,Pelargonium boranense,Pelargonium,boranense,Geraniaceae,correct,T,0,1,VU,T,1,confident,1375,2,25048,32,1,present,present,absent,absent,0.139760524,0.700260071,0.010875155,0,0.14910425,0.016748028,0.047709543,0.685659423,0.222302135,0.027580871,0.000253437,0.002150069,0.104897136,0.204042376,0.231026589,0.199529505,0.154394028,0.07717592,0.018573002,0.007957937,0.107300642,0.311343019,158.2655995,5.656854249,0.104284009,threatened,0.65601989,0.583923464,0.756766019
532247-az,376103-1,Pelargonium erlangerianum,Pelargonium,erlangerianum,Geraniaceae,correct,T,0,1,VU,T,1,low_confidence,1725,3,55043,44,1,present,present,absent,present,0.12947779,0.766415753,0.005676956,0,0.098429502,0.01031776,0.029568673,0.711239528,0.22068665,0.028187389,0.000132297,0.001122361,0.057889298,0.230438476,0.243997092,0.206348819,0.159030324,0.076580475,0.018591256,0.005869602,0.059143956,0.289582432,234.6124464,6.633249581,0.075345575,threatened,0.481216788,0.40622377,0.552868824
532580-az,376276-1,Pelargonium hararense,Pelargonium,hararense,Geraniaceae,correct,T,0,1,CR,T,1,confident,2800,1,59,44,0,absent,absent,absent,absent,0.118248011,0.838664406,0,0,0.043087583,0.00330245,0.009777301,0.739146975,0.218924185,0.028849089,0,0,0.006552016,0.259265669,0.258162185,0.213796194,0.164093624,0.07593019,0.018611192,0.003588931,0.006552016,0.265817684,7.681145748,6.633249581,0,threatened,0.521805651,0.435354084,0.590984109
533822-az,973948-1,Pelargonium wonchiense,Pelargonium,wonchiense,Geraniaceae,correct,T,0,1,CR,T,1,confident,3000,1,4,4,0,absent,absent,absent,absent,0.29462982,0.097515346,0,0,0.607854834,0.027424948,0.090088648,0.207448975,0.327100758,0.347936671,0,0,8.26E-06,0.000371258,0.007121961,0.060471889,0.115582568,0.368127392,0.342553156,0.105763521,8.26E-06,0.000379513,2,2,0,threatened,0.648572565,0.568700212,0.725767478
466547-wcs,77111548-1,Pentameris dolichochaeta,Pentameris,dolichochaeta,Poaceae,correct,T,0,1,EN,T,1,confident,3000,1,20,12,1,present,absent,absent,absent,0.29462982,0.097515346,0,0,0.607854834,0.027424948,0.090088648,0.207448975,0.327100758,0.347936671,0,0,8.26E-06,0.000371258,0.007121961,0.060471889,0.115582568,0.368127392,0.342553156,0.105763521,8.26E-06,0.000379513,4.472135955,3.464101615,0,threatened,0.66138955,0.591895243,0.738977336
466516-wcs,77111672-1,Pentameris trisetoides,Pentameris,trisetoides,Poaceae,correct,NT,0,1,LC,NT,0,confident,3250,5,101683,60,1,present,present,absent,absent,0.212915867,0.404057055,0.000838221,0,0.382188857,0.023284515,0.060980516,0.441240796,0.296794459,0.177699714,0,0,0.057713572,0.097635304,0.122471464,0.170728053,0.167283011,0.233333127,0.12104468,0.029790789,0.057713572,0.155348876,318.8777195,7.745966692,0.028952049,not_threatened,0.352072004,0.275127182,0.422652544
1217683-az,77178408-1,Pentanema confertiflorum,Pentanema,confertiflorum,Asteraceae,correct,NT,0,1,LC,NT,0,low_confidence,3115,4,241798,212,1,present,present,absent,present,0.15662788,0.625807945,0,0,0.217564175,0.014665898,0.034085964,0.580130101,0.255670692,0.115447345,0,0,0.042176835,0.181283594,0.189967736,0.187474345,0.150401578,0.15322403,0.075893515,0.019578368,0.042176835,0.22346043,491.7296005,14.56021978,0,not_threatened,0.417883005,0.327681589,0.495267638
149935-wcs,760249-1,Pentas caffensis,Pentas,caffensis,Rubiaceae,over,T,2,0,NT,NT,0,confident,1700,7,113280,60,1,present,absent,absent,absent,0.250102131,0.469224707,0.004762674,0.001355093,0.274555395,0.025109312,0.079857624,0.491030631,0.279120204,0.124882228,0.001520372,0.007635448,0.07547618,0.141178843,0.152207898,0.178783272,0.148733547,0.176779397,0.094787324,0.022897717,0.084632001,0.225810844,336.5709435,7.745966692,0.06901213,over,0.625171292,0.558973416,0.695204541
536583-az,915352-1,Phragmanthera macrosolen,Phragmanthera,macrosolen,Loranthaceae,over,T,2,0,LC,NT,0,low_confidence,1800,9,278731,156,1,present,absent,absent,absent,0.236886371,0.516383574,0.003821718,0.000981427,0.24192691,0.023867196,0.068884276,0.504774059,0.27758644,0.124888029,0.001101073,0.005529688,0.037767149,0.144093618,0.156083451,0.195654309,0.170391871,0.189356131,0.081443733,0.018578976,0.044397911,0.188491528,527.9498082,12.489996,0.061820042,over,0.489632234,0.375312818,0.592623472
536603-az,915354-1,Phragmanthera sarertaensis,Phragmanthera,sarertaensis,Loranthaceae,correct,T,0,1,VU,T,1,confident,2475,3,34212,40,1,present,present,absent,present,0.146411401,0.733181818,0.007213685,0,0.113193095,0.012446065,0.037470652,0.683610999,0.221143374,0.04532891,0.000168109,0.00142618,0.027100805,0.212526258,0.227493757,0.207647769,0.170909221,0.10493443,0.037615377,0.010178095,0.028695094,0.241221352,184.9648615,6.32455532,0.084933416,threatened,0.717781068,0.597505931,0.820341997
153472-wcs,931881-1,Phyllanthus borenensis,Phyllanthus,borenensis,Phyllanthaceae,correct,T,0,1,CR,T,1,confident,1100,1,4,4,0,absent,absent,absent,absent,0.174789642,0.675266597,0.022200944,0,0.127742817,0.027529804,0.076756648,0.658514077,0.207759216,0.029440255,0.000517376,0.004389231,0.071158313,0.169432092,0.20929314,0.210743404,0.181507803,0.108523285,0.028394992,0.016040364,0.07606492,0.245497012,2,2,0.148999813,threatened,0.663726766,0.578405116,0.735947919
153727-wcs,931882-1,Phyllanthus dewildeorum,Phyllanthus,dewildeorum,Phyllanthaceae,correct,T,0,1,EN,T,1,confident,1400,2,19729,20,0,absent,absent,absent,absent,0.400165633,0.351142421,0,0,0.248691946,0.040879024,0.123728172,0.371194118,0.352506382,0.111692304,0,0,0.045557672,0.115878752,0.127236725,0.217958308,0.188481193,0.222433809,0.076603904,0.005849636,0.045557672,0.161436424,140.4599587,4.472135955,0,threatened,0.625683809,0.552665434,0.709571166
373697-wcs,77086230-1,Phyllopentas concinna,Phyllopentas,concinna,Rubiaceae,correct,T,0,1,EN,T,1,confident,1600,1,192,12,0,absent,absent,absent,absent,0.118248011,0.838664406,0,0,0.043087583,0.00330245,0.009777301,0.739146975,0.218924185,0.028849089,0,0,0.006552016,0.259265669,0.258162185,0.213796194,0.164093624,0.07593019,0.018611192,0.003588931,0.006552016,0.265817684,13.85640646,3.464101615,0,threatened,0.52617502,0.444186105,0.607211432
373700-wcs,77086240-1,Phyllopentas tenuis,Phyllopentas,tenuis,Rubiaceae,correct,T,0,1,VU,T,1,confident,1650,4,30432,32,1,present,absent,absent,absent,0.226370414,0.584144679,0.007258114,0,0.182226793,0.024769904,0.072980443,0.58112161,0.265585979,0.055542065,0.000169169,0.00143517,0.085166726,0.174727915,0.196516393,0.205657094,0.165728033,0.125474261,0.037868314,0.007256926,0.086771065,0.26149898,174.4476999,5.656854249,0.085194563,threatened,0.70250642,0.641357811,0.770822597
402408-az,937570-1,Pimpinella ahmarensis,Pimpinella,ahmarensis,Apiaceae,correct,T,0,1,EN,T,1,confident,2290.5,1,188,12,0,absent,absent,absent,absent,0.118248011,0.838664406,0,0,0.043087583,0.00330245,0.009777301,0.739146975,0.218924185,0.028849089,0,0,0.006552016,0.259265669,0.258162185,0.213796194,0.164093624,0.07593019,0.018611192,0.003588931,0.006552016,0.265817684,13.7113092,3.464101615,0,threatened,0.658955604,0.591877613,0.737807454
403114-az,937567-1,Pimpinella heywoodii,Pimpinella,heywoodii,Apiaceae,over,T,2,0,LC,NT,0,confident,1900,4,53534,60,1,present,absent,absent,absent,0.28997459,0.409410292,0.00828495,0,0.292330167,0.032569955,0.097884051,0.437777083,0.292244244,0.139524666,0.000193106,0.001638243,0.043852625,0.107312482,0.12817002,0.176333206,0.167857174,0.215934578,0.124355627,0.034352939,0.045683974,0.152996456,231.3741559,7.745966692,0.091021703,over,0.658955604,0.591877613,0.737807454
402974-az,846968-1,Pimpinella pimpinelloides,Pimpinella,pimpinelloides,Apiaceae,under,NT,1,0,EN,T,1,confident,3850,1,12,8,1,present,present,absent,absent,0.208939152,0.38674431,0,0,0.404316538,0.048637836,0.070832958,0.282465695,0.321789201,0.27627431,0,0,0.034972436,0.047454254,0.077413744,0.240801248,0.182840678,0.332216996,0.075856731,0.008443913,0.034972436,0.08242669,3.464101615,2.828427125,0,under,0.298913902,0.222957055,0.363047779
402803-az,937569-1,Pimpinella schimperi,Pimpinella,schimperi,Apiaceae,correct,T,0,1,VU,T,1,confident,2075,2,107,12,1,present,present,absent,absent,0.235760058,0.529265341,0.014605772,0,0.220368829,0.020328464,0.064742705,0.507951629,0.274004413,0.13297279,0.000340475,0.002888473,0.070201344,0.149209186,0.170504471,0.177153863,0.157575509,0.170233711,0.08181367,0.020079299,0.073430292,0.222639478,10.34408043,3.464101615,0.120854342,threatened,0.658955604,0.591877613,0.737807454
571375-az,977743-1,Plantago annua,Plantago,annua,Plantaginaceae,over,T,2,0,NT,NT,0,confident,1550,3,24486,20,1,present,present,absent,absent,0.12947779,0.766415753,0.005676956,0,0.098429502,0.01031776,0.029568673,0.711239528,0.22068665,0.028187389,0.000132297,0.001122361,0.057889298,0.230438476,0.243997092,0.206348819,0.159030324,0.076580475,0.018591256,0.005869602,0.059143956,0.289582432,156.4800307,4.472135955,0.075345575,over,0.655570725,0.58791079,0.734769326
536505-az,906882-1,Plicosepalus ogadenensis,Plicosepalus,ogadenensis,Loranthaceae,correct,T,0,1,EN,T,1,confident,535,1,24,12,0,absent,absent,absent,absent,0.118248011,0.838664406,0,0,0.043087583,0.00330245,0.009777301,0.739146975,0.218924185,0.028849089,0,0,0.006552016,0.259265669,0.258162185,0.213796194,0.164093624,0.07593019,0.018611192,0.003588931,0.006552016,0.265817684,4.898979486,3.464101615,0,threatened,0.794597354,0.709562194,0.871500031
536514-az,906883-1,Plicosepalus robustus,Plicosepalus,robustus,Loranthaceae,correct,T,0,1,CR,T,1,confident,1600,1,4,4,0,absent,absent,absent,absent,0.174789642,0.675266597,0.022200944,0,0.127742817,0.027529804,0.076756648,0.658514077,0.207759216,0.029440255,0.000517376,0.004389231,0.071158313,0.169432092,0.20929314,0.210743404,0.181507803,0.108523285,0.028394992,0.016040364,0.07606492,0.245497012,2,2,0.148999813,threatened,0.794597354,0.709562194,0.871500031
436100-wcs,936786-1,Poa hedbergii,Poa,hedbergii,Poaceae,over,T,2,0,LC,NT,0,confident,4000,2,103,12,1,present,present,absent,absent,0.132257919,0.61431789,0,0,0.253424191,0.009057626,0.032870754,0.643961036,0.247724119,0.066386464,0,0,0.114406572,0.197723742,0.216520221,0.180237021,0.137165847,0.097230619,0.049690359,0.007025619,0.114406572,0.312130314,10.14889157,3.464101615,0,over,0.583374015,0.505698003,0.672358398
437046-wcs,417852-1,Poa pumilio,Poa,pumilio,Poaceae,under,NT,1,0,CR,T,1,confident,4200,1,18,18,1,present,present,absent,absent,0.208939152,0.38674431,0,0,0.404316538,0.048637836,0.070832958,0.282465695,0.321789201,0.27627431,0,0,0.034972436,0.047454254,0.077413744,0.240801248,0.182840678,0.332216996,0.075856731,0.008443913,0.034972436,0.08242669,4.242640687,4.242640687,0,under,0.278641863,0.207038709,0.342741962
572991-az,691512-1,Polygala gondarensis,Polygala,gondarensis,Polygalaceae,over,T,2,0,LC,NT,0,low_confidence,1850,3,49475,20,1,present,absent,absent,absent,0.288446186,0.511811592,0.011005064,0,0.188737158,0.034263347,0.100449775,0.513585665,0.280771815,0.070929398,0.000256521,0.002176228,0.058250745,0.142431074,0.167921178,0.214381081,0.185023711,0.165955747,0.052701407,0.010902309,0.060683494,0.203114567,222.4297642,4.472135955,0.104905024,over,0.492512258,0.405472442,0.566289478
572805-az,1015076-1,Polygala mooneyi,Polygala,mooneyi,Polygalaceae,correct,T,0,1,EN,T,1,confident,1900,1,12,12,1,present,absent,absent,absent,0.174789642,0.675266597,0.022200944,0,0.127742817,0.027529804,0.076756648,0.658514077,0.207759216,0.029440255,0.000517376,0.004389231,0.071158313,0.169432092,0.20929314,0.210743404,0.181507803,0.108523285,0.028394992,0.016040364,0.07606492,0.245497012,3.464101615,3.464101615,0.148999813,threatened,0.678812504,0.6054962,0.758309307
162484-wcs,847350-1,Polyscias farinosa,Polyscias,farinosa,Araliaceae,correct,NT,0,1,NT,NT,0,low_confidence,1900,5,160060,56,1,present,present,absent,absent,0.344614796,0.282747784,0.007104908,0,0.365532512,0.030123261,0.101698406,0.303584114,0.354101311,0.210492908,0.000145105,0.000213734,0.042100199,0.076436926,0.087394235,0.159821837,0.157710753,0.275693701,0.164387233,0.036096277,0.042459038,0.118895965,400.074993,7.483314774,0.084290617,not_threatened,0.367382936,0.284274148,0.433095827
162609-wcs,760887-1,Polysphaeria aethiopica,Polysphaeria,aethiopica,Rubiaceae,correct,T,0,1,EN,T,1,confident,1075,2,246,12,1,present,present,absent,absent,0.139760524,0.700260071,0.010875155,0,0.14910425,0.016748028,0.047709543,0.685659423,0.222302135,0.027580871,0.000253437,0.002150069,0.104897136,0.204042376,0.231026589,0.199529505,0.154394028,0.07717592,0.018573002,0.007957937,0.107300642,0.311343019,15.68438714,3.464101615,0.104284009,threatened,0.713894286,0.647600025,0.776068865
162663-wcs,654212-1,Polystachya aethiopica,Polystachya,aethiopica,Orchidaceae,correct,T,0,1,VU,T,1,confident,1775,4,47873,36,1,present,present,absent,absent,0.347994429,0.230564377,0,0,0.421441193,0.034097487,0.109054665,0.306393569,0.338363005,0.212091274,0,0,0.024546375,0.062559612,0.07542641,0.153830785,0.162096793,0.287409392,0.189324724,0.044805907,0.024546375,0.087105988,218.7989945,6,0,threatened,0.751279742,0.693799594,0.811657992
162711-wcs,654246-1,Polystachya caduca,Polystachya,caduca,Orchidaceae,over,T,2,0,NT,NT,0,confident,2500,8,194699,56,1,present,absent,absent,present,0.213165443,0.563682902,0.003513511,0,0.219638144,0.017107258,0.05430927,0.549783024,0.270694684,0.108105764,8.19E-05,0.000694736,0.048788569,0.170400622,0.18145018,0.182940576,0.156038802,0.15703885,0.083255393,0.019310381,0.049565196,0.219965818,441.2470963,7.483314774,0.059274876,over,0.505818237,0.443111669,0.57968293
1092417-az,969600-1,Pseudognaphalium petitianum,Pseudognaphalium,petitianum,Asteraceae,under,NT,1,0,EN,T,1,low_confidence,2837.5,1,12492,16,0,absent,absent,absent,absent,0.367903253,0.250140454,0.007551513,0,0.37440478,0.020405301,0.091290846,0.445863905,0.377000656,0.065439292,0,0,0,0.006024317,0.082226087,0.224372893,0.362922774,0.291823914,0.029396067,0.003233948,0,0.006024317,111.7676161,4,0.08689944,under,0.417858786,0.325952426,0.495535375
510683-wcs,20010249-1,Pseudolithos gigas,Pseudolithos,gigas,Apocynaceae,correct,T,0,1,EN,T,1,confident,450,2,8,8,0,absent,absent,absent,absent,0.11391052,0.797730815,0,0,0.088358665,0.004417969,0.013394002,0.729312286,0.2251178,0.027757943,0,0,0.053330617,0.251397733,0.255919927,0.204839022,0.151307996,0.065606253,0.0152231,0.002375351,0.053330617,0.30472835,2.828427125,2.828427125,0,threatened,0.718454827,0.648983517,0.783091366
523345-az,712612-1,Ranunculus distrias,Ranunculus,distrias,Ranunculaceae,correct,NT,0,1,NT,NT,0,low_confidence,2750,5,92978,52,1,present,present,absent,absent,0.291655978,0.22680006,0.001025192,0,0.48051877,0.027068445,0.075000042,0.271304793,0.346990902,0.279635817,0,3.92E-09,0.024619928,0.038225068,0.058882828,0.149749088,0.172229461,0.328704415,0.185042476,0.042546732,0.024619932,0.062845,304.9229411,7.211102551,0.032018624,not_threatened,0.356824128,0.232057329,0.495710959
525350-az,713840-1,Ranunculus simensis,Ranunculus,simensis,Ranunculaceae,correct,NT,0,1,NT,NT,0,low_confidence,2775,7,138741,92,1,present,present,absent,absent,0.24541735,0.37950568,0.000638557,0,0.374438414,0.028765439,0.073849389,0.413016383,0.322552308,0.161816481,0,0,0.04818662,0.086245758,0.116026986,0.191272454,0.185368305,0.241121829,0.108188747,0.023589302,0.04818662,0.134432378,372.4795296,9.591663047,0.025269685,not_threatened,0.345156337,0.232057329,0.450407648
525175-az,713946-1,Ranunculus tembensis,Ranunculus,tembensis,Ranunculaceae,under,NT,1,0,EN,T,1,low_confidence,3275,3,25737,20,1,present,present,absent,absent,0.180460797,0.541718311,0.00120526,0,0.276615632,0.02201285,0.047424336,0.533367494,0.28581595,0.11137937,0,0,0.082982339,0.140262599,0.169568241,0.210923023,0.183047422,0.17642457,0.033498781,0.003293025,0.082982339,0.223244939,160.4275537,4.472135955,0.034716854,under,0.345156337,0.232057329,0.450407648
897214-az,77098518-1,Rhinacanthus mucronatus,Rhinacanthus,mucronatus,Acanthaceae,correct,T,0,1,EN,T,1,confident,1450,2,2128,24,0,absent,absent,absent,absent,0.139760524,0.700260071,0.010875155,0,0.14910425,0.016748028,0.047709543,0.685659423,0.222302135,0.027580871,0.000253437,0.002150069,0.104897136,0.204042376,0.231026589,0.199529505,0.154394028,0.07717592,0.018573002,0.007957937,0.107300642,0.311343019,46.13025038,4.898979486,0.104284009,threatened,0.744154414,0.677640306,0.812574441
178014-wcs,942940-1,Rhipidoglossum candidum,Rhipidoglossum,candidum,Orchidaceae,correct,T,0,1,EN,T,1,confident,2050,3,17012,12,1,present,absent,absent,present,0.349048031,0.392245944,0,0.00439372,0.254312305,0.042661576,0.134648941,0.443942395,0.293503376,0.085243712,0.004570213,0.021705918,0.071038071,0.127945027,0.127489412,0.227798243,0.169426025,0.189504476,0.056383742,0.004138874,0.097314202,0.225259229,130.4300579,3.464101615,0,threatened,0.751034247,0.693799594,0.811657992
427940-az,517248-1,Rhynchosia erlangeri,Rhynchosia,erlangeri,Fabaceae,correct,T,0,1,EN,T,1,low_confidence,2220,1,2522,20,1,present,absent,absent,absent,0.118248011,0.838664406,0,0,0.043087583,0.00330245,0.009777301,0.739146975,0.218924185,0.028849089,0,0,0.006552016,0.259265669,0.258162185,0.213796194,0.164093624,0.07593019,0.018611192,0.003588931,0.006552016,0.265817684,50.21951812,4.472135955,0,threatened,0.454181523,0.344075321,0.564778223
428086-az,517370-1,Rhynchosia malacotricha,Rhynchosia,malacotricha,Fabaceae,correct,T,0,1,EN,T,1,low_confidence,1675,2,2601,28,1,present,present,absent,absent,0.088299397,0.710163323,0.172884784,0,0.028652496,0.002233248,0.008990208,0.808753074,0.160628354,0.019395116,4.35E-06,0.000105941,0.027423201,0.207648421,0.312460919,0.230024818,0.143728202,0.063154249,0.013040207,0.002409692,0.027533492,0.235181913,51,5.291502622,0.415794161,threatened,0.482085889,0.390780073,0.57011613
427799-az,517536-1,Rhynchosia stipulosa,Rhynchosia,stipulosa,Fabaceae,under,NT,1,0,EN,T,1,confident,1400,4,16,16,0,absent,absent,absent,absent,0.334106186,0.33280612,0.013238359,0,0.319849335,0.0395766,0.118061797,0.369687861,0.38523379,0.087439952,0.000238462,0.000351239,0.026183075,0.041621522,0.096366481,0.250080055,0.263316604,0.26430865,0.05428439,0.003249523,0.026772776,0.068394298,4,4,0.115058068,under,0.279091778,0.183902417,0.369360431
528379-az,968645-1,Rinorea friisii,Rinorea,friisii,Violaceae,correct,T,0,1,EN,T,1,confident,1100,1,75,12,1,present,absent,absent,present,0.405290822,0.26451159,0,0,0.330197588,0.0683656,0.170393761,0.458176936,0.228695029,0.074368674,0,0,0.071534131,0.182237318,0.146618437,0.191411473,0.14398204,0.17658118,0.078649021,0.0089864,0.071534131,0.253771449,8.660254038,3.464101615,0,threatened,0.663738941,0.579894307,0.737691458
179311-wcs,655844-1,Roeperocharis alcicornis,Roeperocharis,alcicornis,Orchidaceae,correct,T,0,1,EN,T,1,low_confidence,2600,2,2121,12,1,present,present,absent,absent,0.187983301,0.563796044,0.013623612,0,0.234597043,0.035693105,0.074465726,0.513081458,0.251859072,0.124900639,0.000317488,0.002693452,0.057177903,0.122305968,0.15834155,0.222356249,0.182022759,0.194947325,0.04673183,0.013105476,0.060188843,0.182494811,46.05431576,3.464101615,0.116720229,threatened,0.507784606,0.429598946,0.585544703
179325-wcs,655856-1,Roeperocharis urbaniana,Roeperocharis,urbaniana,Orchidaceae,correct,T,0,1,EN,T,1,low_confidence,2750,1,8,8,0,absent,absent,absent,absent,0.208939152,0.38674431,0,0,0.404316538,0.048637836,0.070832958,0.282465695,0.321789201,0.27627431,0,0,0.034972436,0.047454254,0.077413744,0.240801248,0.182840678,0.332216996,0.075856731,0.008443913,0.034972436,0.08242669,2.828427125,2.828427125,0,threatened,0.507784606,0.429598946,0.585544703
976530-az,734924-1,Rubus aethiopicus,Rubus,aethiopicus,Rosaceae,correct,T,0,1,EN,T,1,confident,2800,3,20823,16,0,absent,absent,absent,absent,0.259852957,0.408203234,0.010628391,0,0.321315418,0.035833159,0.100107136,0.474351506,0.249937558,0.13977064,0.000247686,0.002101283,0.048674619,0.118440474,0.132391201,0.159147731,0.152942002,0.204735342,0.138269956,0.043049705,0.051023589,0.169464063,144.3017671,4,0.103094089,threatened,0.68257027,0.624271893,0.745912312
979731-az,736571-1,Rubus erlangeri,Rubus,erlangeri,Rosaceae,over,T,2,0,NT,NT,0,confident,3295,4,24339,44,1,present,present,absent,absent,0.191661575,0.581345147,0.008295457,0,0.218697822,0.025400376,0.071159115,0.619793893,0.229777158,0.053869458,0.000193319,0.001640051,0.091414405,0.184684499,0.20267999,0.193416634,0.15482062,0.114095761,0.046348234,0.010706486,0.093247775,0.277932274,156.0096151,6.633249581,0.091079397,over,0.589075139,0.507452599,0.673380385
421733-az,1009492-1,Ruellia boranica,Ruellia,boranica,Acanthaceae,correct,T,0,1,VU,T,1,confident,1450,1,1149,32,1,present,absent,absent,absent,0.174789642,0.675266597,0.022200944,0,0.127742817,0.027529804,0.076756648,0.658514077,0.207759216,0.029440255,0.000517376,0.004389231,0.071158313,0.169432092,0.20929314,0.210743404,0.181507803,0.108523285,0.028394992,0.016040364,0.07606492,0.245497012,33.89690251,5.656854249,0.148999813,threatened,0.719266309,0.649731689,0.783091366
186062-wcs,656874-1,Satyrium aethiopicum,Satyrium,aethiopicum,Orchidaceae,over,T,2,0,LC,NT,0,confident,2250,8,242175,24,1,present,present,absent,absent,0.228102077,0.526125667,0.004312141,0,0.241460116,0.023691056,0.06563872,0.515064818,0.276667398,0.118938009,9.07E-05,0.000769528,0.02660636,0.140949217,0.159380933,0.196985825,0.179617988,0.191931297,0.08374003,0.019928115,0.027466596,0.168415813,492.1127919,4.898979486,0.065666891,over,0.54982643,0.447822066,0.641893099
583106-az,793786-1,Saxifraga hederifolia,Saxifraga,hederifolia,Saxifragaceae,under,NT,1,0,VU,T,1,confident,3950,3,42000,1250,1,present,present,absent,absent,0.272386214,0.284403496,0,0,0.44321029,0.028456709,0.063811179,0.261560201,0.349668199,0.296503711,0,6.75E-09,0.042383719,0.064222005,0.078680024,0.175862334,0.155287532,0.318091667,0.144579226,0.020893487,0.042383726,0.106605731,204.9390153,35.35533906,0,under,0.279095023,0.190225436,0.362610348
287368-wcs,66766-1,Scadoxus nutans,Scadoxus,nutans,Amaryllidaceae,correct,T,0,1,VU,T,1,confident,1200,2,11681,66,1,present,absent,absent,present,0.315964169,0.377292842,0,0.007459253,0.299283736,0.057755069,0.165780676,0.538516115,0.189960038,0.047988101,0.007756509,0.036839018,0.101885655,0.169778771,0.13742712,0.221288295,0.133729135,0.143453014,0.04331651,0.004525973,0.146481182,0.316259953,108.078675,8.124038405,0,threatened,0.684383829,0.619002267,0.752429191
531501-wcs,77187925-1,Scleria pseudohispidior,Scleria,pseudohispidior,Cyperaceae,correct,T,0,1,VU,T,1,confident,1617.5,1,4,4,0,absent,absent,absent,absent,0.396465967,0.413677698,0,0,0.189856334,0.021023165,0.090017703,0.308359135,0.441945704,0.138654292,0,0,0.026792336,0.067941471,0.11323542,0.237135682,0.220627283,0.255557647,0.075126516,0.003583645,0.026792336,0.094733807,2,2,0,threatened,0.58288104,0.471390985,0.682485611
478276-wcs,77100680-1,Seddera ogadenensis,Seddera,ogadenensis,Convolvulaceae,correct,T,0,1,CR,T,1,confident,1225,1,4,4,0,absent,absent,absent,absent,0.118248011,0.838664406,0,0,0.043087583,0.00330245,0.009777301,0.739146975,0.218924185,0.028849089,0,0,0.006552016,0.259265669,0.258162185,0.213796194,0.164093624,0.07593019,0.018611192,0.003588931,0.006552016,0.265817684,2,2,0,threatened,0.667695832,0.586837864,0.758302345
478286-wcs,77100683-1,Seddera rhodantha,Seddera,rhodantha,Convolvulaceae,correct,T,0,1,CR,T,1,confident,850,1,4,4,0,absent,absent,absent,absent,0.174789642,0.675266597,0.022200944,0,0.127742817,0.027529804,0.076756648,0.658514077,0.207759216,0.029440255,0.000517376,0.004389231,0.071158313,0.169432092,0.20929314,0.210743404,0.181507803,0.108523285,0.028394992,0.016040364,0.07606492,0.245497012,2,2,0.148999813,threatened,0.667695832,0.586837864,0.758302345
479746-wcs,271185-1,Seddera simmonsii,Seddera,simmonsii,Convolvulaceae,correct,T,0,1,EN,T,1,confident,775,1,430,8,0,absent,absent,absent,absent,0.118248011,0.838664406,0,0,0.043087583,0.00330245,0.009777301,0.739146975,0.218924185,0.028849089,0,0,0.006552016,0.259265669,0.258162185,0.213796194,0.164093624,0.07593019,0.018611192,0.003588931,0.006552016,0.265817684,20.73644135,2.828427125,0,threatened,0.596680223,0.519100905,0.665234946
483272-az,907004-1,Sedum baleensis,Sedum,baleensis,Crassulaceae,correct,T,0,1,EN,T,1,confident,3050,1,1213,32,1,present,present,absent,absent,0.106125158,0.724259096,0,0,0.169615747,0.006419927,0.019884681,0.711662548,0.236233117,0.025799727,0,0,0.137293545,0.237275573,0.251895299,0.18876179,0.128359068,0.047075816,0.009141814,0.000197096,0.137293545,0.374569119,34.82814953,5.656854249,0,threatened,0.596263504,0.501274254,0.685981508
482997-az,275369-1,Sedum epidendrum,Sedum,epidendrum,Crassulaceae,under,NT,1,0,VU,T,1,confident,2750,5,119988,60,1,present,present,absent,absent,0.301574268,0.230346273,0,0,0.468079459,0.035128277,0.089495851,0.281143116,0.322482372,0.271750384,0,3.75E-09,0.035992962,0.067509897,0.071150651,0.147331885,0.142566598,0.306967217,0.186685119,0.041795667,0.035992966,0.103502862,346.3928406,7.745966692,0,under,0.287644743,0.210248686,0.372717685
483619-az,907006-1,Sedum glomerifolium,Sedum,glomerifolium,Crassulaceae,correct,T,0,1,EN,T,1,confident,3250,1,25,20,1,present,present,absent,absent,0.106125158,0.724259096,0,0,0.169615747,0.006419927,0.019884681,0.711662548,0.236233117,0.025799727,0,0,0.137293545,0.237275573,0.251895299,0.18876179,0.128359068,0.047075816,0.009141814,0.000197096,0.137293545,0.374569119,5,4.472135955,0,threatened,0.635092437,0.548704549,0.74695689
483372-az,907007-1,Sedum mooneyi,Sedum,mooneyi,Crassulaceae,correct,T,0,1,VU,T,1,confident,3750,3,10954,72,1,present,present,absent,absent,0.18850168,0.435303425,0,0,0.376194895,0.015421829,0.052696523,0.492711369,0.275227804,0.163942474,0,0,0.074780309,0.129363108,0.143987069,0.138751754,0.129689647,0.19106615,0.151134668,0.041227294,0.074780309,0.204143417,104.6613587,8.485281374,0,threatened,0.635092437,0.548704549,0.74695689
1080267-az,77065701-1,Senecio balensis,Senecio,balensis,Asteraceae,correct,T,0,1,EN,T,1,confident,4000,4,3693,24,1,present,present,absent,absent,0.200221583,0.475320226,0,0,0.324458191,0.018886478,0.044734586,0.457032631,0.300405112,0.178941193,0,3.82E-09,0.083586332,0.139348674,0.153876894,0.181462294,0.143597245,0.200437241,0.085782624,0.011908691,0.083586336,0.22293501,60.77005842,4.898979486,0,threatened,0.743431883,0.68211799,0.801111775
1080902-az,245075-1,Senecio farinaceus,Senecio,farinaceus,Asteraceae,under,NT,1,0,VU,T,1,low_confidence,3950,4,87844,56,1,present,present,absent,absent,0.201954688,0.461732446,0,0,0.336312867,0.027923765,0.054782378,0.456719162,0.304011344,0.156563351,0,3.68E-09,0.080408951,0.13580984,0.152088126,0.199013154,0.157921352,0.198571463,0.06767593,0.008511181,0.080408954,0.216218794,296.3848849,7.483314774,0,under,0.417839702,0.325952426,0.495535375
1080970-az,245197-1,Senecio fresenii,Senecio,fresenii,Asteraceae,over,T,2,0,LC,NT,0,low_confidence,2910,6,117194,36,1,present,present,absent,present,0.217194782,0.373120834,0.000757868,0,0.408926516,0.030208368,0.070836099,0.43252136,0.300300954,0.166133219,0,0,0.05218104,0.08966326,0.116548185,0.18270956,0.178785277,0.23842659,0.114361631,0.027324458,0.05218104,0.1418443,342.3360922,6,0.027529397,over,0.486202747,0.416941297,0.547852297
1081517-az,60434242-2,Senecio leptopterus,Senecio,leptopterus,Asteraceae,correct,T,0,1,EN,T,1,confident,2615,2,8,8,0,absent,absent,absent,absent,0.222538235,0.445069931,0.013355298,0,0.319036536,0.027487957,0.082077254,0.478500597,0.255386679,0.156547513,0.000311235,0.002640405,0.042809597,0.102072237,0.128740945,0.150869883,0.155240842,0.211958803,0.153566788,0.051789264,0.045761237,0.147833474,2.828427125,2.828427125,0.115565123,threatened,0.741528696,0.684678701,0.792313375
1081441-az,246494-1,Senecio nanus,Senecio,nanus,Asteraceae,correct,NT,0,1,NT,NT,0,low_confidence,3675,4,81142,76,1,present,present,absent,present,0.201954688,0.461732446,0,0,0.336312867,0.027923765,0.054782378,0.456719162,0.304011344,0.156563351,0,3.68E-09,0.080408951,0.13580984,0.152088126,0.199013154,0.157921352,0.198571463,0.06767593,0.008511181,0.080408954,0.216218794,284.8543487,8.717797887,0,not_threatened,0.417839702,0.325952426,0.495535375
1081960-az,246602-1,Senecio ochrocarpus,Senecio,ochrocarpus,Asteraceae,over,T,2,0,LC,NT,0,low_confidence,3400,7,172250,56,1,present,present,absent,absent,0.181666178,0.574064914,0.003684325,0,0.240584583,0.020163254,0.048340175,0.550364845,0.264204501,0.116927225,8.59E-05,0.000728463,0.047122614,0.164802359,0.178554817,0.190317129,0.159096685,0.164217212,0.076150737,0.018924117,0.047936944,0.212739304,415.0301194,7.483314774,0.060698638,over,0.487339654,0.418998003,0.548087475
1083109-az,247505-1,Senecio schultzii,Senecio,schultzii,Asteraceae,correct,NT,0,1,LC,NT,0,low_confidence,3822.5,7,145994,164,1,present,present,absent,absent,0.227047053,0.377411953,0.004860925,0,0.390680069,0.028557632,0.072140775,0.400574407,0.311263969,0.187463217,9.93E-05,0.000146202,0.060967236,0.096616295,0.116258555,0.175699525,0.157203502,0.240446959,0.12532871,0.027233758,0.061212695,0.15782899,382.0916121,12.80624847,0.069720334,not_threatened,0.417839702,0.325952426,0.495535375
1083543-az,248115-1,Senecio unionis,Senecio,unionis,Asteraceae,correct,NT,0,1,LC,NT,0,low_confidence,3610,4,35000,124,1,present,present,absent,present,0.193564152,0.423275072,0,0,0.383160777,0.023644918,0.057186452,0.440662103,0.286754731,0.191751796,0,0,0.064919685,0.109073846,0.127496499,0.164029962,0.142855443,0.226029971,0.13248792,0.033106675,0.064919685,0.173993531,187.0828693,11.13552873,0,not_threatened,0.417839702,0.325952426,0.495535375
998816-az,77130784-1,Senegalia fumosa,Senegalia,fumosa,Fabaceae,over,T,2,0,LC,NT,0,confident,725,1,8000,16,0,absent,absent,absent,absent,0.118248011,0.838664406,0,0,0.043087583,0.00330245,0.009777301,0.739146975,0.218924185,0.028849089,0,0,0.006552016,0.259265669,0.258162185,0.213796194,0.164093624,0.07593019,0.018611192,0.003588931,0.006552016,0.265817684,89.4427191,4,0,over,0.646280708,0.563681033,0.721982027
998460-az,77131649-1,Senegalia pseudonigrescens,Senegalia,pseudonigrescens,Fabaceae,correct,T,0,1,CR,T,1,confident,300,1,55,7,0,absent,absent,absent,absent,0.106125158,0.724259096,0,0,0.169615747,0.006419927,0.019884681,0.711662548,0.236233117,0.025799727,0,0,0.137293545,0.237275573,0.251895299,0.18876179,0.128359068,0.047075816,0.009141814,0.000197096,0.137293545,0.374569119,7.416198487,2.645751311,0,threatened,0.59890885,0.520878819,0.693531745
590937-az,1001909-1,Sesbania melanocaulis,Sesbania,melanocaulis,Fabaceae,correct,T,0,1,VU,T,1,confident,1725,6,153388,40,1,present,absent,absent,absent,0.269008948,0.414861633,0.005952651,0.00169367,0.308483099,0.036906734,0.100431246,0.43206888,0.281289365,0.149303775,0.00190011,0.009542522,0.052365773,0.102822509,0.119593017,0.195701402,0.165367534,0.223608067,0.102992388,0.026106676,0.063808405,0.166630914,391.647801,6.32455532,0.077153425,threatened,0.674492787,0.596675176,0.753608448
1246728-az,77210938-1,Silene scottii,Silene,scottii,Caryophyllaceae,correct,T,0,1,VU,T,1,confident,3000,1,7706,8,0,absent,absent,absent,absent,0.258977847,0.501416367,0.05529658,0,0.184309206,0.039839236,0.152798064,0.424697355,0.338676881,0.043988464,0.001127922,0.001661359,0.075119943,0.053903794,0.112832404,0.256139467,0.221212784,0.232635057,0.043469603,0.001897667,0.077909224,0.131813018,87.78382539,2.828427125,0.235152248,threatened,0.615279107,0.510229943,0.707575766
475015-az,289527-1,Sisymbrium maximum,Sisymbrium,maximum,Brassicaceae,correct,T,0,1,EN,T,1,low_confidence,3050,3,26162,20,1,present,present,absent,absent,0.123861655,0.748770775,0,0,0.12736757,0.005608487,0.0190306,0.70100699,0.23046401,0.043889913,0,0,0.049768366,0.234606372,0.241476624,0.200349335,0.153303906,0.08446508,0.031064334,0.004965981,0.049768366,0.284374739,161.7467156,4.472135955,0,threatened,0.463640167,0.374268041,0.545304823
590976-az,518623-1,Smithia abyssinica,Smithia,abyssinica,Fabaceae,correct,NT,0,1,LC,NT,0,low_confidence,2125,6,180341,44,1,present,absent,absent,absent,0.328642909,0.277730733,0.000761615,0,0.392864744,0.031846645,0.089222654,0.301314396,0.3515371,0.226079205,0,2.91E-09,0.033018826,0.065858168,0.082250179,0.172601507,0.176889641,0.293077165,0.145528659,0.030775852,0.033018829,0.098876997,424.6657509,6.633249581,0.027597375,not_threatened,0.386822205,0.309458481,0.456714367
1082850-az,943130-1,Solanecio gigas,Solanecio,gigas,Asteraceae,over,T,2,0,LC,NT,0,low_confidence,2550,11,215483,76,1,present,present,absent,absent,0.215238646,0.52616145,0.002893843,0.000823367,0.254882695,0.024430725,0.065837494,0.523791121,0.270801561,0.115139099,0.000923723,0.004639021,0.05032359,0.153421153,0.16521563,0.19590847,0.161632008,0.173944956,0.077233587,0.016757862,0.055886334,0.209307487,464.2014649,8.717797887,0.053794449,over,0.487339654,0.418998003,0.548087475
1082421-az,976190-1,Solanecio harennensis,Solanecio,harennensis,Asteraceae,correct,T,0,1,CR,T,1,confident,1850,1,4,4,1,present,present,absent,absent,0.106125158,0.724259096,0,0,0.169615747,0.006419927,0.019884681,0.711662548,0.236233117,0.025799727,0,0,0.137293545,0.237275573,0.251895299,0.18876179,0.128359068,0.047075816,0.009141814,0.000197096,0.137293545,0.374569119,2,2,0,threatened,0.741349019,0.684678701,0.792313375
1223060-az,60458887-2,Solanum hirtulum,Solanum,hirtulum,Solanaceae,under,NT,1,0,VU,T,1,confident,2875,5,86367,56,1,present,present,absent,absent,0.289869764,0.222552494,0.000985239,0,0.486592502,0.036009729,0.084108488,0.278288579,0.34885492,0.252738283,0,3.77E-09,0.023660284,0.038538011,0.060751353,0.168981691,0.185801221,0.321791626,0.162607071,0.03786874,0.023660288,0.062198299,293.8826296,7.483314774,0.031388521,under,0.29357958,0.198453866,0.377451977
1032154-az,819930-1,Solanum macracanthum,Solanum,macracanthum,Solanaceae,correct,NT,0,1,LC,NT,0,confident,2700,5,798520,80,1,present,present,absent,absent,0.161474753,0.593631738,0,0,0.244893509,0.015823141,0.041307469,0.59488302,0.253786538,0.094199832,0,0,0.038005852,0.180286331,0.190056675,0.184744863,0.157129534,0.145454448,0.083078337,0.02124396,0.038005852,0.218292182,893.5994628,8.94427191,0,not_threatened,0.231631019,0.140775932,0.335904003
1062669-az,250266-1,Sonchus obtusilobus,Sonchus,obtusilobus,Asteraceae,under,NT,1,0,CR,T,1,low_confidence,3200,1,4,4,0,absent,absent,absent,absent,0.367903253,0.250140454,0.007551513,0,0.37440478,0.020405301,0.091290846,0.445863905,0.377000656,0.065439292,0,0,0,0.006024317,0.082226087,0.224372893,0.362922774,0.291823914,0.029396067,0.003233948,0,0.006024317,2,2,0.08689944,under,0.379427291,0.31548166,0.453514976
194837-wcs,972582-1,Stachys balensis,Stachys,balensis,Lamiaceae,correct,T,0,1,VU,T,1,confident,1775,2,24907,32,1,present,present,absent,absent,0.139760524,0.700260071,0.010875155,0,0.14910425,0.016748028,0.047709543,0.685659423,0.222302135,0.027580871,0.000253437,0.002150069,0.104897136,0.204042376,0.231026589,0.199529505,0.154394028,0.07717592,0.018573002,0.007957937,0.107300642,0.311343019,157.8195172,5.656854249,0.104284009,threatened,0.69735365,0.635402831,0.762826728
195213-wcs,972585-1,Stachys jijigaensis,Stachys,jijigaensis,Lamiaceae,correct,T,0,1,EN,T,1,confident,1525,1,479,16,1,present,absent,absent,present,0.118248011,0.838664406,0,0,0.043087583,0.00330245,0.009777301,0.739146975,0.218924185,0.028849089,0,0,0.006552016,0.259265669,0.258162185,0.213796194,0.164093624,0.07593019,0.018611192,0.003588931,0.006552016,0.265817684,21.88606863,4,0,threatened,0.69735365,0.635402831,0.762826728
1130975-az,251854-1,Stomatanthes meyeri,Stomatanthes,meyeri,Asteraceae,correct,T,0,1,EN,T,1,confident,2300,1,8,8,0,absent,absent,absent,absent,0.405290822,0.26451159,0,0,0.330197588,0.0683656,0.170393761,0.458176936,0.228695029,0.074368674,0,0,0.071534131,0.182237318,0.146618437,0.191411473,0.14398204,0.17658118,0.078649021,0.0089864,0.071534131,0.253771449,2.828427125,2.828427125,0,threatened,0.730215887,0.673610985,0.789567911
588834-az,382995-1,Streptocarpus phaeotrichus,Streptocarpus,phaeotrichus,Gesneriaceae,correct,T,0,1,EN,T,1,confident,1685,2,11908,12,1,present,absent,absent,absent,0.400165633,0.351142421,0,0,0.248691946,0.040879024,0.123728172,0.371194118,0.352506382,0.111692304,0,0,0.045557672,0.115878752,0.127236725,0.217958308,0.188481193,0.222433809,0.076603904,0.005849636,0.045557672,0.161436424,109.1237829,3.464101615,0,threatened,0.609148713,0.510311836,0.696863797
587097-az,961171-1,Striga pinnatifida,Striga,pinnatifida,Orobanchaceae,correct,T,0,1,CR,T,1,confident,1600,1,4,4,0,absent,absent,absent,absent,0.174789642,0.675266597,0.022200944,0,0.127742817,0.027529804,0.076756648,0.658514077,0.207759216,0.029440255,0.000517376,0.004389231,0.071158313,0.169432092,0.20929314,0.210743404,0.181507803,0.108523285,0.028394992,0.016040364,0.07606492,0.245497012,2,2,0.148999813,threatened,0.676202339,0.598896896,0.739390657
198380-wcs,939757-1,Stylochaeton oligocarpum,Stylochaeton,oligocarpum,Araceae,correct,T,0,1,EN,T,1,confident,810,1,51966,16,0,absent,absent,absent,absent,0.118248011,0.838664406,0,0,0.043087583,0.00330245,0.009777301,0.739146975,0.218924185,0.028849089,0,0,0.006552016,0.259265669,0.258162185,0.213796194,0.164093624,0.07593019,0.018611192,0.003588931,0.006552016,0.265817684,227.9605229,4,0,threatened,0.676163961,0.602780577,0.759792412
445309-az,520512-1,Tephrosia dichroocarpa,Tephrosia,dichroocarpa,Fabaceae,under,NT,1,0,EN,T,1,confident,2325,2,48564,16,0,absent,absent,absent,absent,0.358653332,0.249121727,0.00286197,0,0.389362971,0.011778946,0.060515123,0.305008069,0.392042722,0.23065514,0,1.10E-08,0.042438103,0.070751324,0.090683503,0.154924631,0.206846216,0.290074233,0.125764403,0.018517575,0.042438114,0.113189438,220.3724121,4,0.053497382,under,0.33740653,0.268981256,0.417111146
436127-az,56303-1,Thunbergia hirsuta,Thunbergia,hirsuta,Acanthaceae,under,NT,1,0,EN,T,1,low_confidence,2100,2,7246,266,0,absent,absent,absent,absent,0.274107286,0.324210949,0,0,0.401681765,0.029580737,0.057643,0.253645619,0.357724542,0.301406101,0,7.98E-09,0.050067719,0.075862755,0.085749021,0.182794843,0.150591724,0.312679806,0.125034838,0.017219286,0.050067727,0.125930482,85.12343978,16.30950643,0,under,0.379086704,0.306766683,0.469962166
436070-az,56358-1,Thunbergia mauginii,Thunbergia,mauginii,Acanthaceae,correct,T,0,1,VU,T,1,confident,1500,2,7332,48,1,present,present,absent,absent,0.139760524,0.700260071,0.010875155,0,0.14910425,0.016748028,0.047709543,0.685659423,0.222302135,0.027580871,0.000253437,0.002150069,0.104897136,0.204042376,0.231026589,0.199529505,0.154394028,0.07717592,0.018573002,0.007957937,0.107300642,0.311343019,85.62709851,6.92820323,0.104284009,threatened,0.596585239,0.516879291,0.686960551
436276-az,56414-1,Thunbergia ruspolii,Thunbergia,ruspolii,Acanthaceae,correct,NT,0,1,LC,NT,0,low_confidence,1700,8,167841,248,1,present,present,absent,absent,0.22684539,0.41720574,0.115013614,0.001380887,0.239554369,0.027250466,0.08893711,0.552454256,0.232145431,0.099212737,0.001631776,0.007962502,0.057383477,0.102776891,0.183175702,0.204836282,0.154869111,0.176708216,0.088511373,0.02214467,0.066977755,0.169754647,409.6840246,15.74801575,0.339136571,not_threatened,0.425627948,0.35560565,0.516945774
206114-wcs,461838-1,Tinnea somalensis,Tinnea,somalensis,Lamiaceae,over,T,2,0,LC,NT,0,confident,1500,3,47262,152,1,present,present,absent,present,0.151162789,0.641408901,0.009868069,0,0.197560242,0.017258105,0.052353315,0.650421666,0.22998223,0.049984684,0.000229968,0.001950964,0.09518321,0.185148424,0.213307865,0.193796763,0.156875345,0.102250081,0.04022481,0.011032572,0.097364142,0.282512565,217.3982521,12.32882801,0.099338152,over,0.622965746,0.538638761,0.703004626
207191-wcs,968357-1,Tragia abortiva,Tragia,abortiva,Euphorbiaceae,correct,T,0,1,EN,T,1,confident,1675,1,228,20,0,absent,absent,absent,absent,0.258977847,0.501416367,0.05529658,0,0.184309206,0.039839236,0.152798064,0.424697355,0.338676881,0.043988464,0.001127922,0.001661359,0.075119943,0.053903794,0.112832404,0.256139467,0.221212784,0.232635057,0.043469603,0.001897667,0.077909224,0.131813018,15.09966887,4.472135955,0.235152248,threatened,0.697038378,0.638312194,0.76438479
207219-wcs,968356-1,Tragia ashiae,Tragia,ashiae,Euphorbiaceae,correct,T,0,1,EN,T,1,confident,2300,2,18449,20,0,absent,absent,absent,absent,0.179405461,0.480615404,0,0,0.339979135,0.014587142,0.04718153,0.515613201,0.271564458,0.151053669,0,0,0.083924533,0.145180132,0.156740812,0.138889693,0.123392263,0.17188311,0.138753909,0.041235548,0.083924533,0.229104665,135.827096,4.472135955,0,threatened,0.697038378,0.638312194,0.76438479
376127-wcs,968360-1,Tragia crenata,Tragia,crenata,Euphorbiaceae,correct,T,0,1,CR,T,1,confident,1300,1,4,4,0,absent,absent,absent,absent,0.106125158,0.724259096,0,0,0.169615747,0.006419927,0.019884681,0.711662548,0.236233117,0.025799727,0,0,0.137293545,0.237275573,0.251895299,0.18876179,0.128359068,0.047075816,0.009141814,0.000197096,0.137293545,0.374569119,2,2,0,threatened,0.697038378,0.638312194,0.76438479
207423-wcs,968359-1,Tragia negeliensis,Tragia,negeliensis,Euphorbiaceae,correct,T,0,1,EN,T,1,confident,1450,2,870.5,14,0,absent,absent,absent,absent,0.139760524,0.700260071,0.010875155,0,0.14910425,0.016748028,0.047709543,0.685659423,0.222302135,0.027580871,0.000253437,0.002150069,0.104897136,0.204042376,0.231026589,0.199529505,0.154394028,0.07717592,0.018573002,0.007957937,0.107300642,0.311343019,29.50423698,3.741657387,0.104284009,threatened,0.671747994,0.60659261,0.736516612
207539-wcs,968355-1,Tragia triumfetoides,Tragia,triumfetoides,Euphorbiaceae,correct,T,0,1,EN,T,1,confident,1925,1,8,8,0,absent,absent,absent,absent,0.174789642,0.675266597,0.022200944,0,0.127742817,0.027529804,0.076756648,0.658514077,0.207759216,0.029440255,0.000517376,0.004389231,0.071158313,0.169432092,0.20929314,0.210743404,0.181507803,0.108523285,0.028394992,0.016040364,0.07606492,0.245497012,2.828427125,2.828427125,0.148999813,threatened,0.697038378,0.638312194,0.76438479
440726-az,907720-1,Trifolium abyssinicum,Trifolium,abyssinicum,Fabaceae,correct,NT,0,1,LC,NT,0,confident,3000,6,166531,120,1,present,present,absent,absent,0.218745061,0.466638265,0.005897639,0,0.308719035,0.02226011,0.060508831,0.472311626,0.288079652,0.156839781,0.000124062,0.001052502,0.065147118,0.121304786,0.1441094,0.174723314,0.163051083,0.2046153,0.100188293,0.025684143,0.066323682,0.187628468,408.0820996,10.95445115,0.076796089,not_threatened,0.291052428,0.219228528,0.365651001
439391-az,523002-1,Trifolium chilaloense,Trifolium,chilaloense,Fabaceae,correct,T,0,1,CR,T,1,confident,2900,1,4,4,1,present,present,absent,absent,0.26288942,0.06474777,0,0,0.67236281,0.022254869,0.097844176,0.305229004,0.305217233,0.269454718,0,0,0,1.35E-05,0.039688562,0.137623714,0.181188858,0.347942632,0.252382961,0.041159795,0,1.35E-05,2,2,0,threatened,0.681022489,0.605915781,0.75624689
439357-az,523075-1,Trifolium decorum,Trifolium,decorum,Fabaceae,over,T,2,0,NT,NT,0,confident,2400,6,41677,48,0,absent,absent,absent,absent,0.312802057,0.264503807,0.000818353,0,0.421875783,0.02585078,0.078024961,0.278768432,0.36611709,0.251238738,0,3.13E-09,0.02505803,0.044217874,0.069843931,0.167372046,0.181989686,0.313953155,0.162876097,0.034689178,0.025058033,0.069275907,204.1494551,6.92820323,0.028606874,over,0.530230372,0.451916296,0.604277382
439269-az,523354-1,Trifolium mattirolianum,Trifolium,mattirolianum,Fabaceae,over,T,2,0,LC,NT,0,low_confidence,1700,9,271523,284,1,present,absent,absent,absent,0.248909735,0.487959664,0.003529046,0.001096547,0.258505008,0.024128475,0.072227729,0.473634283,0.293116748,0.136892765,0.001203923,0.005509664,0.03407528,0.134611431,0.144407991,0.196443638,0.171326307,0.205828859,0.088513365,0.018079542,0.040788867,0.175400298,521.0786889,16.85229955,0.059405776,over,0.461724048,0.378074761,0.539920293
440032-az,523548-1,Trifolium pichisermollii,Trifolium,pichisermollii,Fabaceae,over,T,2,0,NT,NT,0,confident,2400,3,12715,68,0,absent,absent,absent,absent,0.330377794,0.182165825,0.001598001,0,0.48585838,0.018689799,0.073577777,0.261916127,0.363357796,0.282458501,0,6.11E-09,0.023693752,0.039659328,0.053768291,0.113197983,0.166528423,0.324555992,0.221535768,0.057060457,0.023693758,0.063353087,112.7608088,8.246211251,0.039975002,over,0.560460246,0.482846846,0.635040932
439654-az,523683-1,Trifolium schimperi,Trifolium,schimperi,Fabaceae,correct,NT,0,1,LC,NT,0,confident,2425,6,189061,212,0,absent,absent,absent,absent,0.328642909,0.277730733,0.000761615,0,0.392864744,0.031846645,0.089222654,0.301314396,0.3515371,0.226079205,0,2.91E-09,0.033018826,0.065858168,0.082250179,0.172601507,0.176889641,0.293077165,0.145528659,0.030775852,0.033018829,0.098876997,434.8114534,14.56021978,0.027597375,not_threatened,0.301570476,0.213903973,0.384613437
439562-az,523710-1,Trifolium somalense,Trifolium,somalense,Fabaceae,under,NT,1,0,EN,T,1,low_confidence,1900,1,4469.5,8,1,present,present,absent,absent,0.174789642,0.675266597,0.022200944,0,0.127742817,0.027529804,0.076756648,0.658514077,0.207759216,0.029440255,0.000517376,0.004389231,0.071158313,0.169432092,0.20929314,0.210743404,0.181507803,0.108523285,0.028394992,0.016040364,0.07606492,0.245497012,66.85431923,2.828427125,0.148999813,under,0.38524297,0.307319653,0.472027136
439557-az,523714-1,Trifolium spananthum,Trifolium,spananthum,Fabaceae,correct,T,0,1,VU,T,1,confident,2600,3,90242,40,1,present,present,absent,present,0.156715809,0.510278737,0,0,0.333005454,0.025939153,0.058437489,0.586554879,0.264462192,0.064606287,0,0,0.092073988,0.161952627,0.186099977,0.202778792,0.166466907,0.134170154,0.050010285,0.00644727,0.092073988,0.254026614,300.4030626,6.32455532,0,threatened,0.681022489,0.605915781,0.75624689
448900-az,857920-1,Urtica simensis,Urtica,simensis,Urticaceae,correct,NT,0,1,LC,NT,0,confident,2450,6,122919,96,1,present,present,absent,present,0.209355092,0.462939725,0.005465906,0,0.322239277,0.022405229,0.060010975,0.465814891,0.281988669,0.169780236,0.000127393,0.001080755,0.066895878,0.124090938,0.14358842,0.168940418,0.148363122,0.205153168,0.113527574,0.028232334,0.068104025,0.192194964,350.5980605,9.797958971,0.073931768,not_threatened,0.314094237,0.21370566,0.407132563
999352-az,77131749-1,Vachellia negrii,Vachellia,negrii,Fabaceae,over,T,2,0,LC,NT,0,confident,2550,9,230426,96,0,absent,absent,absent,absent,0.202740838,0.544632749,0.003252905,0,0.249373509,0.020301411,0.053453251,0.521966505,0.280818864,0.123459969,7.58E-05,0.000643199,0.043925053,0.151391273,0.168664013,0.192758989,0.165094584,0.177728819,0.081442489,0.018275764,0.044644068,0.196035341,480.0270826,9.797958971,0.05703424,over,0.530545672,0.454163269,0.596251929
999348-az,77131769-1,Vachellia prasinata,Vachellia,prasinata,Fabaceae,correct,T,0,1,EN,T,1,confident,900,3,75,20,1,present,present,absent,present,0.127644539,0.593337499,0.13991739,0,0.139100572,0.007040248,0.024465155,0.694014136,0.192394089,0.082086372,3.52E-06,8.57E-05,0.022195446,0.168122745,0.254235842,0.197692774,0.138361112,0.121309569,0.075875021,0.022118231,0.022284705,0.19040745,8.660254038,4.472135955,0.37405533,threatened,0.611526541,0.54496638,0.693335572
454475-az,775480-1,Vepris dainellii,Vepris,dainellii,Rutaceae,over,T,2,0,LC,NT,0,confident,2125,7,280883,168,1,present,absent,absent,present,0.250102131,0.469224707,0.004762674,0.001355093,0.274555395,0.025109312,0.079857624,0.491030631,0.279120204,0.124882228,0.001520372,0.007635448,0.07547618,0.141178843,0.152207898,0.178783272,0.148733547,0.176779397,0.094787324,0.022897717,0.084632001,0.225810844,529.983962,12.9614814,0.06901213,over,0.696292978,0.619785851,0.7770031
454994-az,810921-1,Verbascum chiovendae,Verbascum,chiovendae,Scrophulariaceae,correct,T,0,1,VU,T,1,confident,2000,3,37735,32,1,present,absent,absent,present,0.253760017,0.208604275,0,0,0.537635708,0.048727822,0.096492016,0.264264231,0.326186795,0.264329136,0,0,0.013807558,0.021635676,0.045045945,0.176357434,0.174758906,0.338433751,0.181938429,0.048022301,0.013807558,0.035443234,194.2549871,5.656854249,0,threatened,0.516599245,0.443773509,0.606246791
453225-az,811436-1,Verbascum sedgwickianum,Verbascum,sedgwickianum,Scrophulariaceae,correct,T,0,1,EN,T,1,low_confidence,3350,2,28,12,1,present,present,absent,absent,0.262213698,0.34096348,0.002530782,0,0.39429204,0.039156703,0.077703186,0.337338561,0.340330474,0.205471076,0,0,0.023251924,0.033569603,0.079026532,0.23529552,0.243192618,0.318679832,0.060286104,0.006697868,0.023251924,0.056821527,5.291502622,3.464101615,0.050306874,threatened,0.436639075,0.362787582,0.520311549
453155-az,811474-1,Verbascum stelurum,Verbascum,stelurum,Scrophulariaceae,correct,T,0,1,EN,T,1,confident,1650,5,240963,28,1,present,present,absent,absent,0.18255737,0.610903391,0.005136712,0,0.201402527,0.022363244,0.048797304,0.564075697,0.261300716,0.103463038,0.000119719,0.001015658,0.032613552,0.172538372,0.187154932,0.210592264,0.173173061,0.161194952,0.051469597,0.010127892,0.033748929,0.206287302,490.8798224,5.291502622,0.071670861,threatened,0.586866758,0.509273476,0.681787114
1052359-az,258203-1,Vernonia cylindrica,Vernonia,cylindrica,Asteraceae,under,NT,1,0,VU,T,1,confident,1500,5,49816,44,0,absent,absent,absent,absent,0.315210719,0.305460441,0.001015075,0,0.378313765,0.034676156,0.083905728,0.305688443,0.37821698,0.197512694,0,3.88E-09,0.031081587,0.056604899,0.088931632,0.216483813,0.214219788,0.292218537,0.090222059,0.010237681,0.031081591,0.08768649,223.194982,6.633249581,0.031860238,under,0.145047725,0.091065289,0.216828286
1052363-az,997843-1,Vernonia dalettiensis,Vernonia,dalettiensis,Asteraceae,correct,T,0,1,EN,T,1,confident,2070,1,15691,20,1,present,present,absent,present,0.118248011,0.838664406,0,0,0.043087583,0.00330245,0.009777301,0.739146975,0.218924185,0.028849089,0,0,0.006552016,0.259265669,0.258162185,0.213796194,0.164093624,0.07593019,0.018611192,0.003588931,0.006552016,0.265817684,125.2637218,4.472135955,0,threatened,0.725354971,0.656145692,0.793723034
1052998-az,997848-1,Vernonia didessana,Vernonia,didessana,Asteraceae,correct,T,0,1,VU,T,1,confident,1460,2,139,12,0,absent,absent,absent,absent,0.376122487,0.336354569,0,0,0.287522944,0.014218971,0.067371474,0.266382584,0.422888534,0.229138437,0,8.26E-09,0.046249744,0.087763178,0.105097069,0.178796745,0.169551785,0.271214449,0.126383049,0.014943971,0.046249752,0.134012931,11.78982612,3.464101615,0,threatened,0.725354971,0.656145692,0.793723034
1053130-az,60434243-2,Vernonia friisii,Vernonia,friisii,Asteraceae,correct,T,0,1,EN,T,1,confident,1550,1,1967,12,0,absent,absent,absent,absent,0.258977847,0.501416367,0.05529658,0,0.184309206,0.039839236,0.152798064,0.424697355,0.338676881,0.043988464,0.001127922,0.001661359,0.075119943,0.053903794,0.112832404,0.256139467,0.221212784,0.232635057,0.043469603,0.001897667,0.077909224,0.131813018,44.35087372,3.464101615,0.235152248,threatened,0.72554022,0.656145692,0.793723034
1053006-az,997842-1,Vernonia gilbertii,Vernonia,gilbertii,Asteraceae,correct,T,0,1,VU,T,1,confident,1850,3,17838,40,0,absent,absent,absent,absent,0.313176643,0.308152028,0,0.003774552,0.374896777,0.030072248,0.107877031,0.346567105,0.323334857,0.192148759,0.003926003,0.018646289,0.042792176,0.063600446,0.07496164,0.170832581,0.15459664,0.263512559,0.163997158,0.043134509,0.065364468,0.128964914,133.5589757,6.32455532,0,threatened,0.725354971,0.656145692,0.793723034
1053517-az,997846-1,Vernonia tewoldei,Vernonia,tewoldei,Asteraceae,over,T,2,0,LC,NT,0,confident,1900,3,31132,28,1,present,present,absent,absent,0.185648649,0.624955366,0.008995744,0,0.180400241,0.025665998,0.0689057,0.646357265,0.223406635,0.035664402,0.000209639,0.001778501,0.099131445,0.200274094,0.216439433,0.198126572,0.152594661,0.094354829,0.028955154,0.008135673,0.101119584,0.301393678,176.4426252,5.291502622,0.094845896,over,0.725354971,0.656145692,0.793723034
1053525-az,997847-1,Vernonia thulinii,Vernonia,thulinii,Asteraceae,correct,T,0,1,EN,T,1,confident,1375,2,25539,20,0,absent,absent,absent,absent,0.376122487,0.336354569,0,0,0.287522944,0.014218971,0.067371474,0.266382584,0.422888534,0.229138437,0,8.26E-09,0.046249744,0.087763178,0.105097069,0.178796745,0.169551785,0.271214449,0.126383049,0.014943971,0.046249752,0.134012931,159.8092613,4.472135955,0,threatened,0.725354971,0.656145692,0.793723034
1053578-az,997849-1,Vernonia yabelloana,Vernonia,yabelloana,Asteraceae,correct,T,0,1,CR,T,1,confident,1740,1,4,4,1,present,present,absent,absent,0.174789642,0.675266597,0.022200944,0,0.127742817,0.027529804,0.076756648,0.658514077,0.207759216,0.029440255,0.000517376,0.004389231,0.071158313,0.169432092,0.20929314,0.210743404,0.181507803,0.108523285,0.028394992,0.016040364,0.07606492,0.245497012,2,2,0.148999813,threatened,0.725354971,0.656145692,0.793723034
497978-wcs,77145276-1,Zygotritonia benishangulana,Zygotritonia,benishangulana,Iridaceae,correct,T,0,1,EN,T,1,confident,1545,1,439,20,0,absent,absent,absent,absent,0.396465967,0.413677698,0,0,0.189856334,0.021023165,0.090017703,0.308359135,0.441945704,0.138654292,0,0,0.026792336,0.067941471,0.11323542,0.237135682,0.220627283,0.255557647,0.075126516,0.003583645,0.026792336,0.094733807,20.95232684,4.472135955,0,threatened,0.695514259,0.620343122,0.767825701
